rank,a_nm,h_spine_nm,spine_full_nm,Wt_nm,ht_nm,Wb_nm,hb_nm,delta_s_nm,band,bw_nm,ng_mean,wl_lo_nm,wl_hi_nm,wl_center_nm
1,394.0,216.7,433.4,190.7,202.5,224.2,289.6,0.0,6,61.82,5.64,1538.5,1600.2,1569.3
2,391.0,215.1,430.1,189.2,201.0,222.5,287.4,0.0,6,61.35,5.64,1526.8,1588.0,1557.4
3,389.0,214.0,427.9,188.3,199.9,221.3,285.9,0.0,6,61.04,5.64,1519.0,1579.9,1549.4
4,380.0,209.0,418.0,183.8,195.5,216.2,279.2,0.0,6,59.62,5.64,1483.8,1543.3,1513.5
5,380.0,209.0,418.0,177.7,195.5,209.0,279.2,0.0,6,59.49,5.62,1480.5,1539.9,1510.2
6,380.0,209.0,418.0,171.5,218.1,201.8,256.6,0.0,6,58.14,5.49,1472.5,1529.0,1500.8
7,380.0,209.0,418.0,214.0,268.3,186.0,206.4,0.0,6,57.99,5.6,1483.8,1539.9,1511.8
8,380.0,209.0,418.0,180.0,195.5,180.0,279.2,0.0,6,57.99,5.51,1471.9,1528.1,1500.0
9,380.0,209.0,418.0,186.7,195.5,186.7,279.2,0.0,6,57.97,5.53,1474.2,1530.4,1502.3
10,380.0,209.0,418.0,193.3,195.5,193.3,279.2,0.0,6,57.94,5.56,1478.3,1534.4,1506.4
11,380.0,209.0,418.0,200.0,195.5,200.0,279.2,0.0,6,57.78,5.66,1487.8,1543.6,1515.7
12,380.0,209.0,418.0,206.8,268.3,179.8,206.4,0.0,6,57.68,5.6,1481.4,1537.4,1509.4
13,380.0,209.0,418.0,214.0,253.9,186.0,220.8,0.0,6,57.13,5.61,1481.6,1537.4,1509.5
14,380.0,209.0,418.0,214.0,195.5,186.0,279.2,0.0,6,57.11,5.65,1484.4,1540.0,1512.2
15,380.0,209.0,418.0,206.8,195.5,179.8,279.2,0.0,6,56.95,5.64,1481.9,1537.5,1509.7
16,380.0,209.0,418.0,183.8,218.1,216.2,256.6,0.0,6,56.88,5.66,1483.9,1539.5,1511.7
17,380.0,209.0,418.0,180.0,268.3,180.0,206.4,0.0,6,56.83,5.53,1469.5,1525.3,1497.4
18,380.0,209.0,418.0,186.7,268.3,186.7,206.4,0.0,6,56.82,5.55,1471.8,1527.6,1499.7
19,380.0,209.0,418.0,206.8,253.9,179.8,220.8,0.0,6,56.81,5.61,1479.2,1534.9,1507.1
20,380.0,209.0,418.0,193.3,268.3,193.3,206.4,0.0,6,56.77,5.59,1476.0,1531.6,1503.8
21,380.0,209.0,418.0,177.7,218.1,209.0,256.6,0.0,6,56.72,5.63,1480.5,1536.0,1508.3
22,380.0,209.0,418.0,200.0,268.3,200.0,206.4,0.0,6,56.56,5.69,1485.6,1540.9,1513.2
23,380.0,209.0,418.0,199.7,218.1,173.6,256.6,0.0,6,56.49,5.54,1469.4,1525.1,1497.2
24,380.0,209.0,418.0,180.0,253.9,180.0,220.8,0.0,6,56.33,5.53,1467.5,1523.2,1495.4
25,380.0,209.0,418.0,186.7,253.9,186.7,220.8,0.0,6,56.31,5.55,1469.9,1525.6,1497.7
26,380.0,209.0,418.0,183.8,268.3,216.2,206.4,0.0,6,56.3,5.67,1482.4,1537.8,1510.1
27,380.0,209.0,418.0,183.8,253.9,216.2,220.8,0.0,6,56.26,5.65,1480.9,1536.4,1508.6
28,380.0,209.0,418.0,193.3,253.9,193.3,220.8,0.0,6,56.26,5.59,1474.1,1529.7,1501.9
29,380.0,209.0,418.0,183.8,237.3,216.2,237.3,0.0,6,56.25,5.65,1480.9,1536.3,1508.6
30,380.0,209.0,418.0,177.7,268.3,209.0,206.4,0.0,6,56.24,5.64,1478.8,1534.2,1506.5
31,380.0,209.0,418.0,177.7,253.9,209.0,220.8,0.0,6,56.18,5.62,1477.3,1532.8,1505.0
32,380.0,209.0,418.0,177.7,237.3,209.0,237.3,0.0,6,56.1,5.63,1477.4,1532.8,1505.1
33,380.0,209.0,418.0,214.0,237.3,186.0,237.3,0.0,6,56.08,5.66,1480.8,1536.1,1508.4
34,380.0,209.0,418.0,200.0,253.9,200.0,220.8,0.0,6,56.03,5.69,1483.8,1539.0,1511.4
35,380.0,209.0,418.0,180.0,218.1,180.0,256.6,0.0,6,55.82,5.58,1469.6,1525.0,1497.3
36,380.0,209.0,418.0,206.8,237.3,179.8,237.3,0.0,6,55.81,5.65,1478.4,1533.6,1506.0
37,380.0,209.0,418.0,186.7,218.1,186.7,256.6,0.0,6,55.79,5.6,1471.9,1527.3,1499.6
38,380.0,209.0,418.0,180.0,237.3,180.0,237.3,0.0,6,55.78,5.55,1467.0,1522.5,1494.8
39,380.0,209.0,418.0,186.7,237.3,186.7,237.3,0.0,6,55.76,5.58,1469.4,1524.8,1497.1
40,380.0,209.0,418.0,193.3,218.1,193.3,256.6,0.0,6,55.7,5.64,1476.1,1531.3,1503.7
41,380.0,209.0,418.0,193.3,237.3,193.3,237.3,0.0,6,55.68,5.62,1473.6,1528.9,1501.3
42,380.0,209.0,418.0,214.0,218.1,186.0,256.6,0.0,6,55.47,5.72,1482.8,1537.7,1510.2
43,380.0,209.0,418.0,200.0,218.1,200.0,256.6,0.0,6,55.42,5.75,1485.9,1540.6,1513.2
44,380.0,209.0,418.0,200.0,237.3,200.0,237.3,0.0,6,55.39,5.72,1483.4,1538.3,1510.8
45,380.0,209.0,418.0,206.8,218.1,179.8,256.6,0.0,6,55.27,5.7,1480.4,1535.2,1507.8
46,380.0,172.7,345.3,192.6,219.1,167.4,312.9,0.0,6,54.76,5.55,1449.5,1503.6,1476.5
47,380.0,172.7,345.3,165.4,244.4,194.6,287.6,0.0,6,54.5,5.54,1447.9,1502.0,1474.9
48,380.0,172.7,345.3,180.0,219.1,180.0,312.9,0.0,6,53.81,5.68,1458.1,1511.5,1484.8
49,380.0,172.7,345.3,165.4,300.7,194.6,231.3,0.0,6,53.64,5.59,1447.0,1500.5,1473.8
50,380.0,172.7,345.3,192.6,284.6,167.4,247.4,0.0,6,53.06,5.56,1453.8,1504.5,1479.2
51,380.0,172.7,345.3,192.6,244.4,167.4,287.6,0.0,6,52.97,5.53,1449.9,1500.7,1475.3
52,380.0,172.7,345.3,165.4,219.1,194.6,312.9,28.5,6,52.94,5.53,1457.3,1508.7,1483.0
53,380.0,172.7,345.3,180.0,300.7,180.0,231.3,0.0,6,52.18,5.67,1458.1,1508.1,1483.1
54,380.0,172.7,345.3,165.4,284.6,194.6,247.4,0.0,6,52.05,5.61,1453.4,1503.6,1478.5
55,380.0,172.7,345.3,165.4,266.0,194.6,266.0,0.0,6,51.7,5.64,1454.0,1504.1,1479.1
56,380.0,172.7,345.3,192.6,266.0,167.4,266.0,0.0,6,51.51,5.65,1454.0,1504.0,1479.0
57,380.0,172.7,345.3,180.0,244.4,180.0,287.6,0.0,6,51.12,5.71,1458.3,1507.9,1483.1
58,380.0,172.7,345.3,192.6,300.7,167.4,231.3,28.5,6,50.65,5.62,1454.4,1504.6,1479.5
59,380.0,172.7,345.3,192.6,219.1,167.4,312.9,28.5,6,50.15,5.68,1456.1,1506.0,1481.1
60,380.0,172.7,345.3,180.0,219.1,180.0,312.9,28.5,6,50.01,5.71,1459.6,1509.4,1484.5
61,380.0,172.7,345.3,180.0,284.6,180.0,247.4,0.0,6,49.89,5.82,1461.8,1510.8,1486.3
62,380.0,172.7,345.3,165.4,244.4,194.6,287.6,28.5,6,48.95,5.61,1457.7,1504.8,1481.2
63,380.0,172.7,345.3,180.0,266.0,180.0,266.0,0.0,6,48.88,5.88,1462.3,1510.7,1486.5
64,380.0,172.7,345.3,186.7,266.0,186.7,266.0,0.0,6,48.79,5.91,1464.7,1513.0,1488.8
65,380.0,172.7,345.3,193.3,266.0,193.3,266.0,0.0,6,48.58,5.98,1468.9,1516.9,1492.9
66,380.0,172.7,345.3,165.4,300.7,194.6,231.3,28.5,6,48.54,5.65,1456.6,1503.2,1479.9
67,380.0,209.0,418.0,165.4,195.5,194.6,279.2,28.5,6,48.23,5.47,1480.8,1527.1,1504.0
68,380.0,172.7,345.3,180.0,300.7,180.0,231.3,28.5,6,48.09,5.7,1459.8,1506.2,1483.0
69,380.0,209.0,418.0,211.0,268.3,162.3,206.4,28.5,6,48.03,5.49,1484.3,1530.6,1507.4
70,380.0,172.7,345.3,200.0,266.0,200.0,266.0,0.0,6,47.96,6.15,1478.7,1526.1,1502.4
71,380.0,172.7,345.3,192.6,284.6,167.4,247.4,28.5,6,47.76,5.71,1460.7,1507.1,1483.9
72,380.0,209.0,418.0,183.8,195.5,216.2,279.2,28.5,6,47.53,5.7,1500.2,1545.6,1522.9
73,380.0,172.7,345.3,192.6,244.4,167.4,287.6,28.5,6,47.44,5.69,1457.0,1503.3,1480.2
74,380.0,209.0,418.0,177.7,195.5,209.0,279.2,28.5,6,47.12,5.66,1494.9,1540.4,1517.7
75,380.0,209.0,418.0,186.7,195.5,186.7,279.2,28.5,6,47.02,5.63,1487.3,1532.5,1509.9
76,380.0,172.7,345.3,165.4,284.6,194.6,247.4,28.5,6,46.61,5.77,1460.6,1506.5,1483.5
77,380.0,172.7,345.3,180.0,244.4,180.0,287.6,28.5,6,46.53,5.77,1460.4,1506.2,1483.3
78,380.0,209.0,418.0,211.0,195.5,162.3,279.2,28.5,6,46.45,5.55,1481.3,1526.9,1504.1
79,380.0,209.0,418.0,171.5,195.5,201.8,279.2,28.5,6,46.44,5.62,1488.6,1534.2,1511.4
80,380.0,172.7,345.3,165.4,266.0,194.6,266.0,28.5,6,46.4,5.8,1461.2,1506.9,1484.1
81,380.0,209.0,418.0,192.6,268.3,167.4,206.4,28.5,6,46.39,5.53,1477.6,1523.2,1500.4
82,380.0,209.0,418.0,218.6,268.3,168.1,206.4,28.5,6,46.36,5.6,1489.9,1535.7,1512.8
83,380.0,172.7,345.3,192.6,266.0,167.4,266.0,28.5,6,46.32,5.8,1461.0,1506.6,1483.8
84,380.0,209.0,418.0,192.6,195.5,167.4,279.2,28.5,6,46.16,5.54,1476.6,1522.1,1499.3
85,380.0,209.0,418.0,180.0,195.5,180.0,279.2,28.5,6,45.9,5.6,1481.4,1526.6,1504.0
86,380.0,209.0,418.0,214.0,268.3,186.0,206.4,28.5,6,45.63,5.78,1497.5,1542.2,1519.8
87,380.0,209.0,418.0,214.0,195.5,186.0,279.2,28.5,6,45.62,5.8,1497.7,1542.2,1520.0
88,380.0,172.7,345.3,180.0,284.6,180.0,247.4,28.5,6,45.57,5.87,1463.7,1509.0,1486.4
89,380.0,209.0,418.0,180.0,266.0,180.0,266.0,0.0,6,45.52,6.14,1505.7,1548.1,1526.9
90,380.0,209.0,418.0,206.8,268.3,179.8,206.4,28.5,6,45.49,5.73,1493.0,1537.8,1515.4
91,380.0,209.0,418.0,186.7,268.3,186.7,206.4,28.5,6,45.42,5.69,1485.1,1529.8,1507.5
92,380.0,209.0,418.0,211.0,253.9,162.3,220.8,28.5,6,45.42,5.47,1484.7,1527.6,1506.1
93,380.0,209.0,418.0,193.3,195.5,193.3,279.2,28.5,6,45.37,5.75,1493.0,1537.7,1515.4
94,380.0,209.0,418.0,206.8,195.5,179.8,279.2,28.5,6,45.27,5.75,1492.6,1537.2,1514.9
95,380.0,209.0,418.0,165.4,218.1,194.6,256.6,28.5,6,45.17,5.6,1477.7,1522.8,1500.3
96,380.0,209.0,418.0,211.0,218.1,162.3,256.6,28.5,6,45.01,5.52,1483.4,1525.7,1504.5
97,380.0,209.0,418.0,218.6,195.5,168.1,279.2,28.5,6,44.8,5.58,1490.2,1532.4,1511.3
98,380.0,209.0,418.0,165.4,268.3,194.6,206.4,28.5,6,44.66,5.48,1477.6,1519.9,1498.8
99,380.0,172.7,345.3,180.0,266.0,180.0,266.0,28.5,6,44.62,5.86,1466.9,1509.0,1487.9
100,380.0,209.0,418.0,211.0,237.3,162.3,237.3,28.5,6,44.52,5.51,1482.8,1525.2,1504.0
101,380.0,209.0,418.0,186.7,266.0,186.7,266.0,0.0,6,44.44,6.18,1508.2,1550.5,1529.4
102,380.0,209.0,418.0,186.7,218.1,186.7,256.6,28.5,6,44.36,5.75,1485.3,1529.5,1507.4
103,380.0,209.0,418.0,180.0,268.3,180.0,206.4,28.5,6,44.29,5.55,1481.9,1523.9,1502.9
104,380.0,209.0,418.0,183.8,218.1,216.2,256.6,28.5,6,44.28,5.86,1497.9,1542.0,1520.0
105,380.0,209.0,418.0,192.6,218.1,167.4,256.6,28.5,6,44.16,5.52,1478.1,1520.1,1499.1
106,380.0,209.0,418.0,183.8,268.3,216.2,206.4,28.5,6,44.09,5.86,1496.2,1540.2,1518.2
107,380.0,209.0,418.0,192.6,253.9,167.4,220.8,28.5,6,43.94,5.49,1478.3,1520.6,1499.4
108,380.0,209.0,418.0,177.7,218.1,209.0,256.6,28.5,6,43.84,5.71,1495.1,1536.6,1515.8
109,380.0,209.0,418.0,193.3,268.3,193.3,206.4,28.5,6,43.77,5.72,1493.7,1535.0,1514.4
110,380.0,209.0,418.0,218.6,253.9,168.1,220.8,28.5,6,43.63,5.58,1490.5,1532.8,1511.7
111,380.0,209.0,418.0,186.7,253.9,186.7,220.8,28.5,6,43.41,5.64,1486.4,1527.9,1507.2
112,380.0,209.0,418.0,177.7,268.3,209.0,206.4,28.5,6,43.38,5.71,1492.9,1534.2,1513.6
113,380.0,209.0,418.0,200.0,195.5,200.0,279.2,28.5,6,43.35,5.84,1504.4,1545.4,1524.9
114,380.0,209.0,418.0,192.6,237.3,167.4,237.3,28.5,6,43.33,5.52,1476.9,1518.9,1497.9
115,380.0,209.0,418.0,214.0,253.9,186.0,220.8,28.5,6,43.33,5.75,1498.6,1539.9,1519.2
116,380.0,209.0,418.0,214.0,218.1,186.0,256.6,28.5,6,43.32,5.82,1499.3,1540.1,1519.7
117,380.0,209.0,418.0,206.8,253.9,179.8,220.8,28.5,6,43.22,5.7,1493.9,1535.4,1514.6
118,380.0,209.0,418.0,180.0,218.1,180.0,256.6,28.5,6,43.21,5.61,1482.1,1523.6,1502.8
119,380.0,209.0,418.0,165.4,237.3,194.6,237.3,28.5,6,43.15,5.53,1477.2,1519.2,1498.2
120,380.0,209.0,418.0,171.5,218.1,201.8,256.6,28.5,6,43.14,5.66,1488.6,1530.1,1509.3
121,380.0,209.0,418.0,218.6,218.1,168.1,256.6,28.5,6,43.1,5.65,1489.5,1531.1,1510.3
122,380.0,209.0,418.0,186.7,237.3,186.7,237.3,28.5,6,43.06,5.67,1485.9,1527.2,1506.6
123,380.0,209.0,418.0,206.8,218.1,179.8,256.6,28.5,6,43.03,5.77,1494.3,1535.2,1514.8
124,380.0,209.0,418.0,199.7,268.3,173.6,206.4,28.5,6,42.97,5.68,1490.6,1532.1,1511.4
125,380.0,209.0,418.0,199.7,195.5,173.6,279.2,28.5,6,42.96,5.68,1490.2,1531.6,1510.9
126,380.0,209.0,418.0,165.4,253.9,194.6,220.8,28.5,6,42.94,5.52,1476.8,1518.9,1497.9
127,380.0,209.0,418.0,193.3,266.0,193.3,266.0,0.0,6,42.78,6.25,1512.7,1554.8,1533.8
128,380.0,209.0,418.0,218.6,237.3,168.1,237.3,28.5,6,42.71,5.63,1488.8,1530.6,1509.7
129,380.0,209.0,418.0,171.5,268.3,201.8,206.4,28.5,6,42.64,5.65,1486.1,1527.5,1506.8
130,380.0,209.0,418.0,214.0,237.3,186.0,237.3,28.5,6,42.54,5.8,1497.7,1538.6,1518.1
131,380.0,209.0,418.0,193.3,218.1,193.3,256.6,28.5,6,42.53,5.79,1494.0,1534.8,1514.4
132,380.0,209.0,418.0,183.8,237.3,216.2,237.3,28.5,6,42.46,5.81,1498.0,1538.9,1518.5
133,380.0,209.0,418.0,183.8,253.9,216.2,220.8,28.5,6,42.44,5.79,1497.9,1538.9,1518.4
134,380.0,209.0,418.0,206.8,237.3,179.8,237.3,28.5,6,42.34,5.75,1492.8,1533.9,1513.3
135,380.0,209.0,418.0,180.0,253.9,180.0,220.8,28.5,6,42.26,5.61,1480.4,1522.0,1501.2
136,380.0,209.0,418.0,180.0,237.3,180.0,237.3,28.5,6,41.91,5.63,1479.9,1521.2,1500.6
137,380.0,209.0,418.0,177.7,237.3,209.0,237.3,28.5,6,41.88,5.76,1492.2,1533.2,1512.7
138,380.0,209.0,418.0,177.7,253.9,209.0,220.8,28.5,6,41.77,5.75,1492.0,1533.1,1512.5
139,380.0,172.7,345.3,165.4,219.1,194.6,312.9,57.0,6,41.69,5.79,1475.4,1515.2,1495.3
140,380.0,209.0,418.0,193.3,253.9,193.3,220.8,28.5,6,41.61,5.77,1492.4,1533.2,1512.8
141,380.0,172.7,345.3,165.4,300.7,194.6,231.3,85.5,5,41.55,5.64,1519.0,1559.4,1539.2
142,380.0,209.0,418.0,200.0,268.3,200.0,206.4,28.5,6,41.46,5.91,1502.4,1542.8,1522.6
143,380.0,209.0,418.0,193.3,237.3,193.3,237.3,28.5,6,41.26,5.81,1491.9,1532.5,1512.2
144,380.0,209.0,418.0,171.5,237.3,201.8,237.3,28.5,6,41.24,5.71,1485.6,1526.7,1506.1
145,380.0,209.0,418.0,171.5,253.9,201.8,220.8,28.5,6,41.1,5.59,1488.0,1526.4,1507.2
146,380.0,172.7,345.3,180.0,244.4,180.0,287.6,85.5,5,41.04,5.68,1519.6,1559.8,1539.7
147,380.0,172.7,345.3,192.6,300.7,167.4,231.3,85.5,5,40.87,5.59,1520.9,1557.9,1539.4
148,380.0,209.0,418.0,199.7,253.9,173.6,220.8,28.5,6,40.71,5.65,1491.6,1529.7,1510.6
149,380.0,209.0,418.0,199.7,218.1,173.6,256.6,28.5,6,40.69,5.8,1489.1,1529.6,1509.3
150,380.0,172.7,345.3,180.0,300.7,180.0,231.3,85.5,5,40.41,5.74,1520.7,1560.6,1540.6
151,380.0,209.0,418.0,200.0,218.1,200.0,256.6,28.5,6,40.26,5.99,1502.8,1542.7,1522.7
152,380.0,172.7,345.3,180.0,219.1,180.0,312.9,57.0,6,39.89,5.88,1472.3,1511.2,1491.7
153,380.0,209.0,418.0,199.7,237.3,173.6,237.3,28.5,6,39.83,5.69,1490.4,1528.2,1509.3
154,380.0,209.0,418.0,200.0,253.9,200.0,220.8,28.5,6,39.56,5.87,1503.8,1541.1,1522.4
155,380.0,172.7,345.3,192.6,219.1,167.4,312.9,85.5,5,39.04,5.59,1522.6,1555.7,1539.2
156,380.0,209.0,418.0,171.5,268.3,201.8,206.4,0.0,6,39.0,5.57,1469.5,1525.6,1497.6
157,380.0,209.0,418.0,200.0,237.3,200.0,237.3,28.5,6,38.99,5.92,1503.5,1540.4,1521.9
158,380.0,209.0,418.0,200.0,266.0,200.0,266.0,0.0,6,38.9,6.37,1523.1,1561.6,1542.4
159,380.0,209.0,418.0,199.7,195.5,173.6,279.2,0.0,6,38.83,5.56,1470.9,1527.2,1499.1
160,380.0,209.0,418.0,218.6,218.1,168.1,256.6,0.0,6,38.75,5.52,1471.2,1527.6,1499.4
161,380.0,172.7,345.3,165.4,219.1,194.6,312.9,85.5,5,38.44,5.72,1522.3,1558.5,1540.4
162,380.0,172.7,345.3,192.6,300.7,167.4,231.3,57.0,6,37.91,5.93,1477.8,1513.4,1495.6
163,380.0,172.7,345.3,180.0,219.1,180.0,312.9,85.5,5,37.77,5.65,1524.5,1557.3,1540.9
164,380.0,172.7,345.3,192.6,219.1,167.4,312.9,57.0,6,37.77,5.98,1479.5,1514.9,1497.2
165,380.0,209.0,418.0,199.7,268.3,173.6,206.4,0.0,6,37.71,5.56,1471.5,1528.2,1499.9
166,435.0,192.8,385.7,205.0,304.5,205.0,304.5,0.0,6,37.61,5.83,1661.2,1697.4,1679.3
167,380.0,172.7,345.3,180.0,300.7,180.0,231.3,57.0,6,37.57,5.91,1473.0,1508.4,1490.7
168,380.0,209.0,418.0,199.7,237.3,173.6,237.3,0.0,6,37.56,5.61,1467.7,1523.8,1495.8
169,380.0,209.0,418.0,171.5,237.3,201.8,237.3,0.0,6,37.52,5.59,1468.8,1525.1,1496.9
170,380.0,209.0,418.0,218.6,195.5,168.1,279.2,0.0,6,36.87,5.58,1472.2,1529.0,1500.6
171,380.0,209.0,418.0,171.5,195.5,201.8,279.2,0.0,6,36.82,5.65,1473.2,1533.5,1503.4
172,380.0,172.7,345.3,165.4,300.7,194.6,231.3,57.0,6,36.52,6.01,1475.7,1510.7,1493.2
173,380.0,172.7,345.3,192.6,300.7,167.4,231.3,0.0,6,36.29,5.61,1447.7,1502.3,1475.0
174,380.0,172.7,345.3,165.4,244.4,194.6,287.6,57.0,6,36.25,5.98,1477.0,1512.3,1494.7
175,380.0,209.0,418.0,171.5,253.9,201.8,220.8,0.0,6,36.08,5.59,1468.2,1524.6,1496.4
176,380.0,209.0,418.0,199.7,253.9,173.6,220.8,0.0,6,36.04,5.57,1469.0,1525.6,1497.3
177,397.0,213.6,427.2,187.8,199.7,220.7,285.0,0.0,6,35.78,5.68,1533.1,1595.9,1564.5
178,394.0,212.0,423.9,186.4,198.2,219.1,282.9,0.0,6,35.5,5.68,1521.5,1583.8,1552.6
179,380.0,172.7,345.3,180.0,244.4,180.0,287.6,57.0,6,35.22,6.03,1474.1,1508.9,1491.5
180,389.0,209.3,418.6,184.0,195.7,216.3,279.3,0.0,6,35.05,5.68,1502.2,1563.7,1532.9
181,380.0,209.0,418.0,218.6,237.3,168.1,237.3,0.0,6,34.83,5.58,1470.0,1527.0,1498.5
182,380.0,209.0,418.0,211.0,218.1,162.3,256.6,0.0,6,34.5,5.61,1466.8,1523.4,1495.1
183,380.0,172.7,345.3,180.0,284.6,180.0,247.4,57.0,6,34.47,6.13,1477.3,1511.7,1494.5
184,380.0,172.7,345.3,192.6,284.6,167.4,247.4,57.0,6,34.3,6.19,1482.2,1516.4,1499.3
185,380.0,209.0,418.0,218.6,268.3,168.1,206.4,0.0,6,34.3,5.63,1471.9,1532.4,1502.2
186,380.0,172.7,345.3,165.4,284.6,194.6,247.4,57.0,6,34.01,6.12,1482.8,1514.2,1498.5
187,380.0,172.7,345.3,165.4,266.0,194.6,266.0,57.0,6,33.88,6.15,1483.4,1514.7,1499.0
188,380.0,209.0,418.0,211.0,195.5,162.3,279.2,0.0,6,33.82,5.64,1467.8,1524.7,1496.3
189,380.0,172.7,345.3,192.6,244.4,167.4,287.6,57.0,6,33.69,6.09,1481.4,1512.9,1497.2
190,380.0,209.0,418.0,218.6,253.9,168.1,220.8,0.0,6,33.65,5.59,1471.9,1529.4,1500.6
191,380.0,172.7,345.3,180.0,266.0,180.0,266.0,57.0,6,33.56,6.14,1480.5,1511.8,1496.1
192,380.0,172.7,345.3,165.4,219.1,194.6,312.9,0.0,6,33.19,5.62,1450.6,1506.2,1478.4
193,380.0,209.0,418.0,211.0,268.3,162.3,206.4,0.0,6,33.06,5.67,1468.1,1528.5,1498.3
194,380.0,209.0,418.0,211.0,237.3,162.3,237.3,0.0,6,32.87,5.61,1465.9,1522.8,1494.4
195,435.0,146.4,292.8,255.0,304.5,255.0,304.5,0.0,6,32.83,5.64,1625.7,1691.2,1658.5
196,380.0,172.7,345.3,192.6,266.0,167.4,266.0,57.0,6,32.71,6.24,1485.3,1516.2,1500.7
197,380.0,209.0,418.0,165.4,218.1,194.6,256.6,0.0,6,32.53,5.67,1462.8,1519.5,1491.2
198,380.0,209.0,418.0,165.4,195.5,194.6,279.2,0.0,6,32.49,5.85,1463.6,1492.5,1478.1
199,380.0,209.0,418.0,192.6,218.1,167.4,256.6,0.0,6,32.19,5.78,1460.6,1489.7,1475.1
200,380.0,209.0,418.0,165.4,195.5,194.6,279.2,57.0,6,32.15,5.85,1504.6,1535.1,1519.8
201,380.0,209.0,418.0,211.0,253.9,162.3,220.8,0.0,6,32.13,5.63,1467.8,1525.3,1496.6
202,380.0,209.0,418.0,192.6,268.3,167.4,206.4,0.0,6,32.1,5.7,1463.1,1492.7,1477.9
203,380.0,209.0,418.0,211.0,268.3,162.3,206.4,57.0,6,32.02,5.84,1505.3,1535.9,1520.6
204,380.0,209.0,418.0,192.6,195.5,167.4,279.2,0.0,6,31.78,5.73,1462.2,1491.6,1476.9
205,435.0,146.4,292.8,230.0,304.5,230.0,304.5,0.0,6,31.59,5.77,1613.0,1640.4,1626.7
206,380.0,209.0,418.0,177.7,195.5,209.0,279.2,57.0,6,31.24,6.01,1514.2,1544.2,1529.2
207,380.0,209.0,418.0,165.4,268.3,194.6,206.4,0.0,6,31.2,5.75,1460.0,1489.2,1474.6
208,380.0,209.0,418.0,186.7,195.5,186.7,279.2,57.0,6,31.14,5.99,1508.0,1537.9,1522.9
209,380.0,209.0,418.0,192.6,237.3,167.4,237.3,0.0,6,31.06,5.75,1459.0,1488.2,1473.6
210,380.0,209.0,418.0,165.4,237.3,194.6,237.3,0.0,6,30.87,5.74,1459.1,1488.3,1473.7
211,380.0,209.0,418.0,192.6,253.9,167.4,220.8,0.0,6,30.83,5.73,1460.5,1489.9,1475.2
212,380.0,209.0,418.0,171.5,195.5,201.8,279.2,57.0,6,30.71,6.0,1509.8,1539.8,1524.8
213,380.0,209.0,418.0,180.0,195.5,180.0,279.2,57.0,6,30.6,5.9,1499.8,1529.9,1514.8
214,380.0,209.0,418.0,211.0,195.5,162.3,279.2,57.0,6,30.53,5.91,1502.1,1532.2,1517.1
215,380.0,209.0,418.0,183.8,195.5,216.2,279.2,57.0,6,30.34,6.15,1522.5,1552.1,1537.3
216,380.0,209.0,418.0,165.4,253.9,194.6,220.8,0.0,6,30.26,5.82,1458.6,1484.2,1471.4
217,380.0,136.3,272.7,200.0,266.0,200.0,266.0,0.0,6,29.83,5.69,1416.5,1469.6,1443.0
218,380.0,209.0,418.0,186.7,268.3,186.7,206.4,57.0,6,29.3,6.0,1509.0,1535.5,1522.3
219,380.0,209.0,418.0,192.6,268.3,167.4,206.4,57.0,6,29.09,5.93,1506.7,1533.4,1520.1
220,435.0,192.8,385.7,180.0,304.5,180.0,304.5,0.0,6,29.08,5.81,1627.7,1655.6,1641.7
221,380.0,209.0,418.0,192.6,195.5,167.4,279.2,57.0,6,29.07,5.92,1505.8,1532.5,1519.2
222,380.0,209.0,418.0,214.0,195.5,186.0,279.2,57.0,6,29.05,6.26,1519.4,1548.4,1533.9
223,380.0,209.0,418.0,211.0,253.9,162.3,220.8,57.0,6,28.98,5.86,1506.3,1533.3,1519.8
224,380.0,209.0,418.0,218.6,268.3,168.1,206.4,57.0,6,28.92,6.03,1518.2,1544.9,1531.6
225,380.0,172.7,345.3,200.0,237.3,200.0,237.3,0.0,6,28.88,5.81,1432.2,1456.9,1444.6
226,380.0,209.0,418.0,214.0,268.3,186.0,206.4,57.0,6,28.86,6.17,1522.6,1548.8,1535.7
227,435.0,192.8,385.7,255.0,263.0,255.0,263.0,0.0,6,28.79,5.82,1631.2,1655.5,1643.3
228,380.0,209.0,418.0,206.8,195.5,179.8,279.2,57.0,6,28.78,6.05,1513.9,1540.3,1527.1
229,380.0,209.0,418.0,180.0,268.3,180.0,206.4,57.0,6,28.7,5.89,1500.8,1527.5,1514.1
230,380.0,209.0,418.0,206.8,268.3,179.8,206.4,57.0,6,28.65,6.06,1514.4,1540.8,1527.6
231,380.0,136.3,272.7,193.3,237.3,193.3,237.3,0.0,3,28.52,5.67,1646.2,1671.4,1658.8
232,380.0,209.0,418.0,165.4,218.1,194.6,256.6,57.0,6,28.52,5.95,1505.0,1531.5,1518.2
233,380.0,209.0,418.0,211.0,218.1,162.3,256.6,57.0,6,28.51,5.93,1504.7,1531.4,1518.1
234,380.0,209.0,418.0,199.7,195.5,173.6,279.2,57.0,6,28.49,6.01,1509.8,1536.3,1523.1
235,380.0,209.0,418.0,199.7,268.3,173.6,206.4,57.0,6,28.27,6.02,1510.5,1536.9,1523.7
236,380.0,209.0,418.0,200.0,195.5,200.0,279.2,57.0,6,28.14,6.25,1524.0,1549.9,1536.9
237,380.0,209.0,418.0,165.4,268.3,194.6,206.4,57.0,6,28.11,5.94,1502.3,1528.8,1515.5
238,380.0,209.0,418.0,193.3,195.5,193.3,279.2,57.0,6,27.99,6.22,1521.7,1547.6,1534.6
239,380.0,209.0,418.0,186.7,218.1,186.7,256.6,57.0,6,27.92,6.1,1509.4,1535.4,1522.4
240,380.0,209.0,418.0,211.0,237.3,162.3,237.3,57.0,6,27.87,5.93,1504.4,1531.1,1517.8
241,380.0,209.0,418.0,218.6,195.5,168.1,279.2,57.0,6,27.8,6.1,1516.1,1542.4,1529.2
242,380.0,209.0,418.0,180.0,218.1,180.0,256.6,57.0,6,27.51,5.98,1501.0,1527.4,1514.2
243,435.0,239.3,478.5,180.0,263.0,180.0,263.0,0.0,6,27.44,5.82,1642.0,1663.0,1652.5
244,380.0,209.0,418.0,177.7,218.1,209.0,256.6,57.0,6,27.4,6.15,1514.9,1540.9,1527.9
245,435.0,192.8,385.7,230.0,263.0,230.0,263.0,0.0,6,27.37,5.85,1615.7,1643.0,1629.4
246,380.0,209.0,418.0,177.7,268.3,209.0,206.4,57.0,6,27.14,6.14,1512.6,1538.6,1525.6
247,380.0,209.0,418.0,171.5,218.1,201.8,256.6,57.0,6,26.92,6.12,1510.5,1536.5,1523.5
248,380.0,209.0,418.0,186.7,253.9,186.7,220.8,57.0,6,26.81,6.1,1508.0,1534.0,1521.0
249,380.0,209.0,418.0,171.5,268.3,201.8,206.4,57.0,6,26.79,6.1,1508.3,1534.3,1521.3
250,435.0,146.4,292.8,205.0,304.5,205.0,304.5,0.0,6,26.66,5.82,1593.3,1616.5,1604.9
251,380.0,136.3,272.7,193.3,266.0,193.3,266.0,0.0,6,26.63,5.82,1407.5,1431.3,1419.4
252,380.0,209.0,418.0,192.6,218.1,167.4,256.6,57.0,6,26.46,6.09,1505.1,1531.0,1518.0
253,380.0,209.0,418.0,180.0,253.9,180.0,220.8,57.0,6,26.42,6.0,1499.7,1525.9,1512.8
254,380.0,209.0,418.0,186.7,237.3,186.7,237.3,57.0,6,26.36,6.14,1507.5,1533.3,1520.4
255,380.0,209.0,418.0,183.8,218.1,216.2,256.6,57.0,6,26.34,6.32,1523.3,1548.9,1536.1
256,380.0,209.0,418.0,165.4,237.3,194.6,237.3,57.0,6,26.33,6.04,1502.2,1528.3,1515.3
257,380.0,209.0,418.0,192.6,253.9,167.4,220.8,57.0,6,26.32,6.06,1505.3,1531.4,1518.3
258,380.0,172.7,345.3,193.3,237.3,193.3,237.3,0.0,6,26.28,5.78,1423.1,1447.6,1435.3
259,380.0,209.0,418.0,165.4,253.9,194.6,220.8,57.0,6,26.27,6.03,1501.8,1528.0,1514.9
260,380.0,209.0,418.0,200.0,208.7,200.0,208.7,0.0,6,26.13,5.82,1439.5,1464.4,1451.9
261,380.0,209.0,418.0,214.0,253.9,186.0,220.8,57.0,6,26.07,6.29,1521.3,1546.9,1534.1
262,380.0,209.0,418.0,183.8,268.3,216.2,206.4,57.0,6,26.07,6.31,1521.0,1546.5,1533.7
263,380.0,209.0,418.0,218.6,253.9,168.1,220.8,57.0,6,26.07,6.17,1516.6,1542.6,1529.6
264,380.0,209.0,418.0,214.0,218.1,186.0,256.6,57.0,6,26.04,6.37,1521.6,1546.9,1534.2
265,380.0,209.0,418.0,180.0,237.3,180.0,237.3,57.0,6,26.03,6.04,1499.3,1525.3,1512.3
266,380.0,209.0,418.0,206.8,218.1,179.8,256.6,57.0,6,26.01,6.24,1513.1,1538.7,1525.9
267,380.0,209.0,418.0,200.0,268.3,200.0,206.4,57.0,6,25.98,6.36,1522.3,1547.6,1535.0
268,380.0,209.0,418.0,206.8,253.9,179.8,220.8,57.0,6,25.96,6.18,1513.0,1538.8,1525.9
269,380.0,209.0,418.0,193.3,268.3,193.3,206.4,57.0,6,25.83,6.34,1520.0,1545.3,1532.6
270,380.0,209.0,418.0,199.7,218.1,173.6,256.6,57.0,6,25.8,6.19,1509.1,1534.7,1521.9
271,380.0,209.0,418.0,199.7,253.9,173.6,220.8,57.0,6,25.62,6.04,1511.9,1534.9,1523.4
272,380.0,136.3,272.7,186.7,266.0,186.7,266.0,0.0,6,25.57,5.81,1403.7,1427.4,1415.5
273,380.0,209.0,418.0,218.6,218.1,168.1,256.6,57.0,6,25.51,6.17,1518.7,1541.4,1530.1
274,435.0,239.3,478.5,205.0,263.0,205.0,263.0,0.0,6,25.48,6.0,1672.6,1697.4,1685.0
275,380.0,209.0,418.0,192.6,237.3,167.4,237.3,57.0,6,25.47,6.01,1506.9,1529.9,1518.4
276,380.0,172.7,345.3,186.7,237.3,186.7,237.3,0.0,6,25.33,5.87,1419.2,1440.1,1429.6
277,380.0,209.0,418.0,177.7,253.9,209.0,220.8,57.0,6,25.27,6.12,1515.0,1537.8,1526.4
278,380.0,209.0,418.0,177.7,237.3,209.0,237.3,57.0,6,25.26,6.14,1515.2,1538.0,1526.6
279,380.0,136.3,272.7,186.7,237.3,186.7,237.3,0.0,3,25.22,5.76,1639.8,1660.1,1650.0
280,380.0,209.0,418.0,214.0,237.3,186.0,237.3,57.0,6,25.12,6.3,1523.2,1545.6,1534.4
281,380.0,136.3,272.7,180.0,237.3,180.0,237.3,0.0,3,25.11,5.77,1636.1,1656.2,1646.2
282,380.0,209.0,418.0,206.8,237.3,179.8,237.3,57.0,6,24.98,6.16,1514.9,1537.5,1526.2
283,380.0,209.0,418.0,171.5,253.9,201.8,220.8,57.0,6,24.9,6.07,1510.6,1533.4,1522.0
284,380.0,172.7,345.3,180.0,237.3,180.0,237.3,0.0,6,24.89,5.86,1417.0,1437.8,1427.4
285,380.0,209.0,418.0,171.5,237.3,201.8,237.3,57.0,6,24.82,6.1,1510.8,1533.6,1522.2
286,380.0,136.3,272.7,200.0,237.3,200.0,237.3,0.0,3,24.82,5.87,1657.1,1681.6,1669.3
287,380.0,209.0,418.0,218.6,237.3,168.1,237.3,57.0,6,24.81,6.16,1518.1,1540.8,1529.4
288,380.0,209.0,418.0,199.7,237.3,173.6,237.3,57.0,6,24.68,6.11,1510.8,1533.5,1522.2
289,380.0,209.0,418.0,193.3,208.7,193.3,208.7,0.0,6,24.56,5.91,1430.4,1451.5,1441.0
290,380.0,209.0,418.0,200.0,218.1,200.0,256.6,57.0,6,24.5,6.42,1525.6,1547.6,1536.6
291,380.0,209.0,418.0,193.3,218.1,193.3,256.6,57.0,6,24.35,6.39,1523.3,1545.3,1534.3
292,435.0,192.8,385.7,205.0,263.0,205.0,263.0,0.0,6,24.27,5.76,1598.8,1619.0,1608.9
293,380.0,136.3,272.7,180.0,266.0,180.0,266.0,0.0,6,24.26,5.8,1401.5,1425.2,1413.3
294,380.0,209.0,418.0,183.8,253.9,216.2,220.8,57.0,6,24.15,6.3,1523.3,1545.7,1534.5
295,380.0,209.0,418.0,183.8,237.3,216.2,237.3,57.0,6,24.09,6.32,1523.6,1545.9,1534.8
296,380.0,209.0,418.0,186.7,208.7,186.7,208.7,0.0,6,23.98,5.91,1426.5,1447.5,1437.0
297,380.0,209.0,418.0,180.0,208.7,180.0,208.7,0.0,6,23.67,5.91,1424.3,1445.3,1434.8
298,380.0,209.0,418.0,200.0,253.9,200.0,220.8,57.0,6,23.56,6.38,1524.1,1546.3,1535.2
299,380.0,209.0,418.0,193.3,253.9,193.3,220.8,57.0,6,23.47,6.36,1521.7,1543.9,1532.8
300,380.0,100.0,200.0,200.0,208.7,200.0,208.7,0.0,3,23.27,5.88,1557.7,1579.3,1568.5
301,380.0,209.0,418.0,200.0,237.3,200.0,237.3,57.0,6,22.89,6.45,1523.8,1545.7,1534.7
302,380.0,100.0,200.0,193.3,208.7,193.3,208.7,0.0,3,22.79,5.91,1543.9,1565.0,1554.4
303,380.0,209.0,418.0,193.3,237.3,193.3,237.3,57.0,6,22.78,6.42,1521.4,1543.3,1532.4
304,380.0,100.0,200.0,186.7,208.7,186.7,208.7,0.0,3,22.58,5.92,1537.9,1558.8,1548.3
305,380.0,100.0,200.0,180.0,208.7,180.0,208.7,0.0,3,22.46,5.93,1534.5,1555.2,1544.9
306,435.0,146.4,292.8,180.0,304.5,180.0,304.5,0.0,6,20.84,5.87,1562.9,1581.8,1572.4
307,435.0,100.0,200.0,180.0,221.5,180.0,221.5,0.0,3,20.58,5.84,1656.5,1674.3,1665.4
308,380.0,136.3,272.7,180.0,208.7,180.0,208.7,0.0,3,19.64,5.67,1597.4,1616.9,1607.1
309,380.0,136.3,272.7,200.0,208.7,200.0,208.7,0.0,3,19.46,5.73,1620.1,1635.9,1628.0
310,435.0,146.4,292.8,255.0,263.0,255.0,263.0,0.0,6,19.31,5.78,1554.3,1570.1,1562.2
311,435.0,192.8,385.7,230.0,304.5,230.0,304.5,0.0,6,18.61,6.25,1682.7,1699.8,1691.3
312,380.0,100.0,200.0,180.0,180.0,180.0,180.0,0.0,3,18.4,5.85,1486.7,1503.1,1494.9
313,435.0,146.4,292.8,230.0,263.0,230.0,263.0,0.0,6,18.29,5.88,1540.5,1555.8,1548.1
314,435.0,100.0,200.0,255.0,304.5,255.0,304.5,0.0,6,17.93,5.98,1536.4,1551.3,1543.9
315,435.0,239.3,478.5,230.0,221.5,230.0,221.5,0.0,6,17.76,5.53,1630.6,1645.0,1637.8
316,380.0,100.0,200.0,193.3,237.3,193.3,237.3,0.0,3,17.48,6.09,1591.0,1605.6,1598.3
317,380.0,100.0,200.0,180.0,237.3,180.0,237.3,0.0,3,17.16,5.97,1581.1,1595.6,1588.4
318,435.0,100.0,200.0,230.0,304.5,230.0,304.5,0.0,6,16.95,5.88,1524.9,1536.8,1530.8
319,380.0,136.3,272.7,186.7,208.7,186.7,208.7,0.0,3,16.67,5.62,1604.4,1616.2,1610.3
320,435.0,100.0,200.0,255.0,180.0,255.0,180.0,0.0,4,16.55,5.74,1615.1,1670.0,1642.6
321,435.0,146.4,292.8,205.0,263.0,205.0,263.0,0.0,6,16.49,5.81,1523.1,1538.2,1530.7
322,380.0,136.3,272.7,193.3,208.7,193.3,208.7,0.0,3,16.26,5.66,1610.4,1646.3,1628.4
323,380.0,100.0,200.0,200.0,180.0,200.0,180.0,0.0,3,15.82,5.64,1510.7,1524.6,1517.7
324,380.0,100.0,200.0,186.7,180.0,186.7,180.0,0.0,3,15.55,5.65,1492.6,1542.0,1517.3
325,435.0,100.0,200.0,205.0,304.5,205.0,304.5,0.0,6,15.39,5.79,1507.4,1519.2,1513.3
326,435.0,239.3,478.5,255.0,221.5,255.0,221.5,0.0,6,15.36,5.32,1649.8,1661.2,1655.5
327,380.0,100.0,200.0,200.0,237.3,200.0,237.3,0.0,3,14.37,6.23,1602.6,1616.8,1609.7
328,490.0,100.0,200.0,256.0,343.0,256.0,343.0,0.0,6,14.16,5.88,1684.1,1697.0,1690.6
329,435.0,146.4,292.8,180.0,263.0,180.0,263.0,0.0,6,14.0,5.96,1495.9,1507.2,1501.5
330,435.0,146.4,292.8,180.0,180.0,180.0,180.0,0.0,4,13.71,5.94,1685.6,1696.4,1691.0
331,490.0,156.5,313.0,218.0,288.7,218.0,288.7,0.0,6,13.68,5.94,1656.6,1669.0,1662.8
332,490.0,100.0,200.0,218.0,343.0,218.0,343.0,0.0,6,13.1,5.87,1648.0,1660.5,1654.2
333,380.0,100.0,200.0,193.3,180.0,193.3,180.0,0.0,3,12.9,5.5,1501.1,1511.6,1506.4
334,380.0,100.0,200.0,200.0,266.0,200.0,266.0,0.0,2,12.86,5.36,1651.8,1660.5,1656.2
335,435.0,100.0,200.0,180.0,304.5,180.0,304.5,0.0,6,12.85,5.95,1480.2,1488.5,1484.3
336,490.0,269.5,539.0,180.0,180.0,180.0,180.0,0.0,7,12.34,5.78,1643.3,1652.6,1648.0
337,435.0,146.4,292.8,255.0,221.5,255.0,221.5,0.0,6,12.33,5.77,1472.9,1481.4,1477.2
338,380.0,100.0,200.0,193.3,266.0,193.3,266.0,0.0,2,12.18,5.58,1635.9,1644.4,1640.1
339,435.0,146.4,292.8,230.0,221.5,230.0,221.5,0.0,6,11.47,5.77,1461.2,1469.6,1465.4
340,435.0,100.0,200.0,255.0,263.0,255.0,263.0,0.0,6,10.83,5.87,1451.5,1459.6,1455.6
341,435.0,100.0,200.0,230.0,180.0,230.0,180.0,0.0,4,10.69,6.18,1635.6,1645.4,1640.5
342,380.0,209.0,418.0,186.7,253.9,186.7,220.8,85.5,5,10.56,6.05,1545.3,1615.8,1580.6
343,490.0,156.5,313.0,180.0,288.7,180.0,288.7,0.0,6,10.5,5.96,1617.2,1623.1,1620.1
344,380.0,209.0,418.0,200.0,268.3,200.0,206.4,85.5,5,10.45,5.97,1560.1,1631.4,1595.8
345,380.0,209.0,418.0,186.7,237.3,186.7,237.3,85.5,5,10.33,5.94,1545.8,1617.3,1581.6
346,435.0,146.4,292.8,205.0,221.5,205.0,221.5,0.0,6,10.29,6.05,1444.0,1451.8,1447.9
347,380.0,209.0,418.0,193.3,237.3,193.3,237.3,85.5,5,10.18,5.92,1552.9,1625.4,1589.2
348,380.0,209.0,418.0,200.0,253.9,200.0,220.8,85.5,5,10.15,5.84,1559.1,1631.5,1595.3
349,380.0,209.0,418.0,200.0,218.1,200.0,256.6,85.5,5,10.15,5.82,1558.6,1631.1,1594.8
350,435.0,239.3,478.5,180.0,304.5,180.0,304.5,0.0,7,10.1,5.79,1529.7,1538.9,1534.3
351,490.0,100.0,200.0,180.0,343.0,180.0,343.0,0.0,6,10.1,5.83,1608.3,1614.2,1611.2
352,380.0,209.0,418.0,183.8,253.9,216.2,220.8,85.5,5,10.05,5.93,1557.0,1630.0,1593.5
353,435.0,100.0,200.0,230.0,263.0,230.0,263.0,0.0,6,10.0,5.83,1439.9,1448.0,1444.0
354,380.0,209.0,418.0,214.0,253.9,186.0,220.8,85.5,5,9.91,5.77,1558.4,1631.4,1594.9
355,380.0,172.7,345.3,180.0,208.7,180.0,208.7,0.0,3,9.9,5.54,1663.9,1672.8,1668.3
356,380.0,100.0,200.0,186.7,266.0,186.7,266.0,0.0,5,9.87,5.96,1442.6,1448.6,1445.6
357,380.0,209.0,418.0,200.0,237.3,200.0,237.3,85.5,5,9.84,5.89,1559.5,1633.2,1596.3
358,380.0,209.0,418.0,183.8,218.1,216.2,256.6,85.5,5,9.79,5.73,1558.3,1631.6,1595.0
359,380.0,100.0,200.0,180.0,266.0,180.0,266.0,0.0,5,9.79,6.02,1435.7,1441.6,1438.6
360,490.0,100.0,200.0,294.0,288.7,294.0,288.7,0.0,6,9.75,5.81,1599.0,1604.9,1601.9
361,380.0,209.0,418.0,214.0,237.3,186.0,237.3,85.5,5,9.67,5.82,1558.1,1632.1,1595.1
362,380.0,209.0,418.0,183.8,237.3,216.2,237.3,85.5,5,9.61,5.8,1558.3,1632.6,1595.5
363,380.0,172.7,345.3,186.7,208.7,186.7,208.7,0.0,5,9.53,5.92,1481.1,1487.5,1484.3
364,380.0,136.3,272.7,193.3,180.0,193.3,180.0,0.0,4,9.51,6.27,1562.9,1569.6,1566.2
365,380.0,172.7,345.3,193.3,208.7,193.3,208.7,0.0,5,9.39,5.8,1486.0,1492.6,1489.3
366,380.0,172.7,345.3,200.0,208.7,200.0,208.7,0.0,3,9.21,5.36,1685.4,1689.9,1687.7
367,380.0,136.3,272.7,200.0,180.0,200.0,180.0,0.0,4,9.04,6.23,1574.9,1581.7,1578.3
368,435.0,100.0,200.0,205.0,263.0,205.0,263.0,0.0,6,8.95,5.8,1425.3,1430.6,1427.9
369,380.0,136.3,272.7,186.7,180.0,186.7,180.0,0.0,4,8.93,6.29,1557.6,1564.2,1560.9
370,435.0,146.4,292.8,180.0,221.5,180.0,221.5,0.0,6,8.66,6.01,1420.5,1428.1,1424.3
371,435.0,239.3,478.5,205.0,304.5,205.0,304.5,0.0,7,8.65,5.83,1544.8,1550.9,1547.8
372,490.0,156.5,313.0,256.0,234.3,256.0,234.3,0.0,6,8.53,5.6,1582.5,1588.5,1585.5
373,490.0,269.5,539.0,218.0,180.0,218.0,180.0,0.0,7,8.22,5.78,1680.0,1693.1,1686.6
374,490.0,100.0,200.0,256.0,288.7,256.0,288.7,0.0,6,8.19,6.15,1574.1,1579.5,1576.8
375,380.0,136.3,272.7,180.0,180.0,180.0,180.0,0.0,4,8.17,6.3,1554.5,1561.0,1557.7
376,380.0,209.0,418.0,165.4,253.9,194.6,220.8,114.0,4,8.14,6.93,1675.3,1682.3,1678.8
377,435.0,239.3,478.5,180.0,180.0,180.0,180.0,0.0,5,8.1,5.66,1656.8,1660.4,1658.6
378,380.0,209.0,418.0,200.0,180.0,200.0,180.0,0.0,5,7.78,5.6,1502.2,1505.6,1503.9
379,490.0,100.0,200.0,180.0,288.7,180.0,288.7,0.0,5,7.65,5.7,1680.6,1683.9,1682.3
380,435.0,239.3,478.5,205.0,180.0,205.0,180.0,0.0,5,7.6,5.84,1670.2,1677.5,1673.9
381,435.0,192.8,385.7,205.0,180.0,205.0,180.0,0.0,5,7.45,5.92,1598.7,1601.9,1600.3
382,435.0,192.8,385.7,180.0,180.0,180.0,180.0,0.0,5,7.43,5.78,1582.0,1588.5,1585.3
383,435.0,100.0,200.0,180.0,263.0,180.0,263.0,0.0,6,7.35,5.68,1402.5,1407.7,1405.1
384,380.0,209.0,418.0,180.0,237.3,180.0,237.3,114.0,7,7.31,6.05,1420.4,1426.2,1423.3
385,435.0,192.8,385.7,230.0,180.0,230.0,180.0,0.0,5,7.28,5.54,1613.9,1617.4,1615.6
386,380.0,209.0,418.0,186.7,253.9,186.7,220.8,114.0,7,7.24,5.62,1425.6,1428.7,1427.1
387,380.0,209.0,418.0,171.5,253.9,201.8,220.8,114.0,7,7.23,5.62,1425.5,1428.6,1427.0
388,380.0,209.0,418.0,192.6,237.3,167.4,237.3,114.0,7,7.22,6.03,1420.2,1426.0,1423.1
389,380.0,209.0,418.0,199.7,218.1,173.6,256.6,114.0,7,7.21,5.6,1424.7,1427.8,1426.3
390,380.0,209.0,418.0,165.4,237.3,194.6,237.3,114.0,7,7.2,6.04,1420.0,1425.8,1422.9
391,380.0,209.0,418.0,186.7,237.3,186.7,237.3,114.0,7,7.19,5.75,1427.5,1430.6,1429.0
392,380.0,209.0,418.0,180.0,253.9,180.0,220.8,114.0,7,7.18,5.95,1418.9,1424.8,1421.8
393,380.0,209.0,418.0,186.7,218.1,186.7,256.6,114.0,7,7.16,5.65,1425.2,1428.3,1426.8
394,380.0,209.0,418.0,186.7,268.3,186.7,206.4,114.0,7,7.11,5.61,1424.6,1427.7,1426.1
395,380.0,209.0,418.0,199.7,237.3,173.6,237.3,114.0,7,7.11,5.73,1427.0,1430.1,1428.6
396,380.0,209.0,418.0,180.0,218.1,180.0,256.6,114.0,7,7.1,5.93,1418.0,1423.9,1420.9
397,380.0,209.0,418.0,211.0,218.1,162.3,256.6,114.0,7,7.08,5.61,1424.2,1427.3,1425.8
398,380.0,209.0,418.0,171.5,237.3,201.8,237.3,114.0,7,7.07,5.75,1427.0,1430.1,1428.5
399,380.0,209.0,418.0,177.7,253.9,209.0,220.8,114.0,7,7.07,5.79,1429.6,1432.6,1431.1
400,490.0,156.5,313.0,256.0,288.7,256.0,288.7,0.0,6,7.06,6.31,1691.5,1697.5,1694.5
401,380.0,209.0,418.0,177.7,268.3,209.0,206.4,114.0,7,7.06,5.72,1428.3,1431.3,1429.8
402,380.0,209.0,418.0,193.3,253.9,193.3,220.8,114.0,7,7.06,5.8,1430.1,1433.1,1431.6
403,380.0,209.0,418.0,192.6,218.1,167.4,256.6,114.0,7,7.06,5.88,1417.8,1423.7,1420.8
404,435.0,100.0,200.0,205.0,180.0,205.0,180.0,0.0,4,7.06,6.36,1610.0,1616.1,1613.0
405,380.0,209.0,418.0,193.3,237.3,193.3,237.3,114.0,7,7.04,5.9,1431.8,1434.8,1433.3
406,380.0,209.0,418.0,199.7,253.9,173.6,220.8,114.0,7,7.03,5.66,1425.4,1428.5,1426.9
407,380.0,209.0,418.0,192.6,253.9,167.4,220.8,114.0,7,7.03,5.95,1418.4,1424.3,1421.4
408,380.0,209.0,418.0,206.8,218.1,179.8,256.6,114.0,7,7.03,5.79,1428.9,1432.0,1430.5
409,435.0,239.3,478.5,230.0,180.0,230.0,180.0,0.0,7,7.01,5.86,1552.1,1583.4,1567.8
410,380.0,209.0,418.0,193.3,218.1,193.3,256.6,114.0,7,7.0,5.8,1429.4,1432.5,1431.0
411,380.0,209.0,418.0,165.4,218.1,194.6,256.6,114.0,7,6.95,5.97,1417.7,1423.5,1420.6
412,380.0,209.0,418.0,218.6,218.1,168.1,256.6,114.0,7,6.94,5.76,1428.5,1431.5,1430.0
413,380.0,209.0,418.0,206.8,237.3,179.8,237.3,114.0,7,6.94,5.94,1431.4,1434.4,1432.9
414,490.0,213.0,426.0,180.0,343.0,180.0,343.0,0.0,7,6.94,6.01,1600.2,1605.9,1603.1
415,380.0,209.0,418.0,165.4,268.3,194.6,206.4,114.0,7,6.94,5.8,1417.0,1423.0,1420.0
416,380.0,209.0,418.0,183.8,253.9,216.2,220.8,114.0,7,6.92,5.95,1433.8,1436.7,1435.3
417,380.0,209.0,418.0,177.7,237.3,209.0,237.3,114.0,7,6.92,5.94,1431.4,1434.3,1432.8
418,380.0,209.0,418.0,183.8,268.3,216.2,206.4,114.0,7,6.91,5.88,1432.4,1435.4,1433.9
419,490.0,213.0,426.0,218.0,343.0,218.0,343.0,0.0,7,6.91,5.79,1620.7,1626.7,1623.7
420,380.0,209.0,418.0,171.5,218.1,201.8,256.6,114.0,7,6.89,5.68,1424.7,1427.7,1426.2
421,380.0,209.0,418.0,200.0,253.9,200.0,220.8,114.0,7,6.89,5.99,1434.2,1437.2,1435.7
422,380.0,209.0,418.0,214.0,218.1,186.0,256.6,114.0,7,6.89,5.97,1433.5,1436.4,1434.9
423,380.0,209.0,418.0,211.0,237.3,162.3,237.3,114.0,7,6.88,5.78,1426.6,1429.7,1428.2
424,380.0,209.0,418.0,200.0,237.3,200.0,237.3,114.0,7,6.88,6.1,1435.9,1438.8,1437.3
425,490.0,156.5,313.0,218.0,234.3,218.0,234.3,0.0,6,6.85,6.12,1551.7,1557.0,1554.4
426,380.0,209.0,418.0,206.8,253.9,179.8,220.8,114.0,7,6.85,5.88,1429.7,1432.7,1431.2
427,380.0,209.0,418.0,200.0,218.1,200.0,256.6,114.0,7,6.83,6.0,1433.6,1436.5,1435.0
428,380.0,209.0,418.0,214.0,237.3,186.0,237.3,114.0,7,6.81,6.13,1435.9,1438.8,1437.3
429,380.0,209.0,418.0,183.8,237.3,216.2,237.3,114.0,7,6.78,6.12,1435.6,1438.5,1437.1
430,380.0,209.0,418.0,218.6,237.3,168.1,237.3,114.0,7,6.76,5.95,1430.9,1433.9,1432.4
431,380.0,209.0,418.0,177.7,218.1,209.0,256.6,114.0,7,6.73,5.89,1429.0,1432.0,1430.5
432,380.0,209.0,418.0,211.0,253.9,162.3,220.8,114.0,7,6.71,5.74,1424.9,1428.0,1426.4
433,380.0,209.0,418.0,214.0,253.9,186.0,220.8,114.0,7,6.7,6.07,1434.2,1437.1,1435.6
434,435.0,239.3,478.5,255.0,180.0,255.0,180.0,0.0,7,6.64,5.76,1565.4,1581.5,1573.5
435,380.0,209.0,418.0,183.8,218.1,216.2,256.6,114.0,7,6.59,6.09,1433.3,1436.2,1434.8
436,435.0,192.8,385.7,255.0,180.0,255.0,180.0,0.0,5,6.58,5.87,1625.3,1628.7,1627.0
437,380.0,209.0,418.0,218.6,253.9,168.1,220.8,114.0,7,6.57,5.94,1429.4,1432.3,1430.9
438,380.0,209.0,418.0,214.0,268.3,186.0,206.4,114.0,7,6.51,6.08,1433.0,1435.9,1434.4
439,490.0,100.0,200.0,218.0,288.7,218.0,288.7,0.0,6,6.31,5.89,1545.1,1550.5,1547.8
440,435.0,146.4,292.8,205.0,180.0,205.0,180.0,0.0,5,6.27,5.79,1521.6,1524.6,1523.1
441,435.0,100.0,200.0,205.0,221.5,205.0,221.5,0.0,5,6.22,6.06,1498.8,1501.6,1500.2
442,435.0,100.0,200.0,230.0,221.5,230.0,221.5,0.0,5,6.21,5.8,1513.4,1516.4,1514.9
443,435.0,146.4,292.8,230.0,180.0,230.0,180.0,0.0,5,6.16,5.52,1535.3,1538.5,1536.9
444,435.0,100.0,200.0,255.0,221.5,255.0,221.5,0.0,5,5.94,5.41,1527.2,1530.5,1528.9
445,435.0,146.4,292.8,255.0,180.0,255.0,180.0,0.0,5,5.84,6.04,1545.4,1548.3,1546.8
446,490.0,100.0,200.0,218.0,234.3,218.0,234.3,0.0,5,5.6,6.28,1628.6,1631.4,1630.0
447,490.0,100.0,200.0,256.0,234.3,256.0,234.3,0.0,5,5.54,6.02,1648.9,1651.9,1650.4
448,490.0,156.5,313.0,218.0,180.0,218.0,180.0,0.0,5,5.47,5.97,1651.3,1654.3,1652.8
449,435.0,100.0,200.0,180.0,180.0,180.0,180.0,0.0,4,5.27,6.1,1574.7,1580.8,1577.7
450,490.0,156.5,313.0,256.0,180.0,256.0,180.0,0.0,5,5.22,5.68,1669.3,1672.6,1670.9
451,490.0,100.0,200.0,180.0,234.3,180.0,234.3,0.0,5,5.18,6.12,1603.4,1606.2,1604.8
452,490.0,156.5,313.0,180.0,180.0,180.0,180.0,0.0,5,5.15,5.91,1628.9,1631.9,1630.4
453,490.0,156.5,313.0,294.0,180.0,294.0,180.0,0.0,5,5.14,5.59,1685.9,1685.9,1685.9
454,545.0,166.6,333.2,229.0,247.2,229.0,247.2,0.0,6,5.05,5.72,1681.5,1681.5,1681.5
455,490.0,100.0,200.0,294.0,234.3,294.0,234.3,0.0,5,4.9,5.96,1666.4,1666.4,1666.4
456,490.0,156.5,313.0,180.0,234.3,180.0,234.3,0.0,6,4.84,5.7,1520.1,1522.8,1521.5
457,545.0,100.0,200.0,229.0,314.3,229.0,314.3,0.0,6,4.74,6.09,1673.4,1676.1,1674.8
458,490.0,213.0,426.0,180.0,288.7,180.0,288.7,0.0,7,4.2,5.95,1552.5,1555.2,1553.8
459,435.0,239.3,478.5,230.0,263.0,230.0,263.0,0.0,6,4.15,6.72,1694.2,1697.4,1695.8
460,435.0,192.8,385.7,255.0,304.5,255.0,304.5,0.0,6,3.92,6.76,1696.7,1699.9,1698.3
461,490.0,100.0,200.0,256.0,180.0,256.0,180.0,0.0,5,3.11,5.88,1561.7,1561.7,1561.7
462,490.0,100.0,200.0,218.0,180.0,218.0,180.0,0.0,5,3.08,6.04,1547.5,1547.5,1547.5
