rank,a_nm,h_spine,Wt,ht,Wb,hb,delta_s,h_spine_nm,Wt_nm,ht_nm,Wb_nm,hb_nm,delta_s_nm,band,bw_nm,ng_mean,ng_median,wl_center_nm,meets_target,params_hash
1,380.0,0.55,0.47368421052631576,0.6245614035087719,0.47368421052631576,0.6245614035087719,0.0,209.00000000000003,180.0,237.33333333333331,180.0,237.33333333333331,0.0,6,55.779442983417766,5.554980692718284,5.251897108040707,1494.766742688047,True,70eba95b
2,380.0,0.55,0.49122807017543857,0.6245614035087719,0.49122807017543857,0.6245614035087719,0.0,209.00000000000003,186.66666666666666,237.33333333333331,186.66666666666666,237.33333333333331,0.0,6,55.75505644588611,5.576110445958482,5.299935145713167,1497.1127945099452,True,0aa078c7
3,380.0,0.55,0.5087719298245614,0.6245614035087719,0.5087719298245614,0.6245614035087719,0.0,209.00000000000003,193.33333333333334,237.33333333333331,193.33333333333334,237.33333333333331,0.0,6,55.67887562859573,5.616818875126172,5.401460682199919,1501.269461353606,True,536dfbdf
4,380.0,0.55,0.5263157894736842,0.6245614035087719,0.5263157894736842,0.6245614035087719,0.0,209.00000000000003,200.0,237.33333333333331,200.0,237.33333333333331,0.0,6,55.39021835702442,5.724201536363118,5.577845180527415,1510.8215882982222,True,fbe7c1aa
5,380.0,0.4543859649122807,0.47368421052631576,0.7,0.47368421052631576,0.7,0.0,172.66666666666669,180.0,266.0,180.0,266.0,0.0,6,48.87961946314749,5.883451278856909,5.743554627061528,1486.5423489481527,True,70286c72
6,380.0,0.4543859649122807,0.49122807017543857,0.7,0.49122807017543857,0.7,0.0,172.66666666666669,186.66666666666666,266.0,186.66666666666666,266.0,0.0,6,48.788575971105274,5.914963443982045,5.783576613679374,1488.8301193645943,True,515d812a
7,380.0,0.4543859649122807,0.5087719298245614,0.7,0.5087719298245614,0.7,0.0,172.66666666666669,193.33333333333334,266.0,193.33333333333334,266.0,0.0,6,48.5757690830676,5.977670683816252,5.8628259587566784,1492.925454101156,True,7d547fbb
8,380.0,0.4543859649122807,0.5263157894736842,0.7,0.5263157894736842,0.7,0.0,172.66666666666669,200.0,266.0,200.0,266.0,0.0,6,47.96274105070165,6.145737239114657,6.010404443040949,1502.426866274226,True,1a76241e
9,380.0,0.55,0.47368421052631576,0.7,0.47368421052631576,0.7,0.0,209.00000000000003,180.0,266.0,180.0,266.0,0.0,6,45.51916485999595,6.141919132634721,6.016755583138557,1526.9361122903165,True,2bbdec6d
10,380.0,0.55,0.49122807017543857,0.7,0.49122807017543857,0.7,0.0,209.00000000000003,186.66666666666666,266.0,186.66666666666666,266.0,0.0,6,44.439569134750855,6.179069096276096,6.058659499286877,1529.3932807786098,True,bf5bd07a
11,380.0,0.55,0.5087719298245614,0.7,0.5087719298245614,0.7,0.0,209.00000000000003,193.33333333333334,266.0,193.33333333333334,266.0,0.0,6,42.77974165550563,6.251913878418784,6.140318667854244,1533.7665084309806,True,55b91634
12,380.0,0.55,0.5263157894736842,0.7,0.5263157894736842,0.7,0.0,209.00000000000003,200.0,266.0,200.0,266.0,0.0,6,38.897702420895484,6.365112404009628,6.274558104892754,1542.3706662122895,True,d8b3143e
13,435.0,0.44329501915708813,0.47126436781609193,0.7,0.47126436781609193,0.7,0.0,192.83333333333334,205.0,304.5,205.0,304.5,0.0,6,37.611532907661285,5.826221846528903,5.685395878083351,1679.2936658123645,True,306a94ab
14,435.0,0.3365900383141763,0.5862068965517241,0.7,0.5862068965517241,0.7,0.0,146.41666666666669,254.99999999999997,304.5,254.99999999999997,304.5,0.0,6,32.83468344309517,5.643800870908056,5.461143317404954,1658.4688462709614,True,22a2185c
15,435.0,0.3365900383141763,0.5287356321839081,0.7,0.5287356321839081,0.7,0.0,146.41666666666669,230.0,304.5,230.0,304.5,0.0,6,31.58508454994535,5.7730391000294325,5.674567463101821,1626.6998753538137,True,e4fa1609
16,380.0,0.3587719298245614,0.5263157894736842,0.7,0.5263157894736842,0.7,0.0,136.33333333333334,200.0,266.0,200.0,266.0,0.0,6,29.833495935927886,5.6916650725271705,5.551192454201851,1443.0105924806976,True,c11ebb24
17,435.0,0.44329501915708813,0.41379310344827586,0.7,0.41379310344827586,0.7,0.0,192.83333333333334,180.0,304.5,180.0,304.5,0.0,6,29.075703177180685,5.805267128549039,5.7042053365244865,1641.6560712338123,True,350b4b2a
18,380.0,0.4543859649122807,0.5263157894736842,0.6245614035087719,0.5263157894736842,0.6245614035087719,0.0,172.66666666666669,200.0,237.33333333333331,200.0,237.33333333333331,0.0,6,28.879863688124942,5.80985178921376,5.712266019158664,1444.5622108750836,True,beb9db25
19,435.0,0.44329501915708813,0.5862068965517241,0.6045977011494252,0.5862068965517241,0.6045977011494252,0.0,192.83333333333334,254.99999999999997,263.0,254.99999999999997,263.0,0.0,6,28.794886408364846,5.818321933495968,5.735713014132565,1643.336886819297,True,23b3a01c
20,380.0,0.3587719298245614,0.5087719298245614,0.6245614035087719,0.5087719298245614,0.6245614035087719,0.0,136.33333333333334,193.33333333333334,237.33333333333331,193.33333333333334,237.33333333333331,0.0,3,28.5176271850562,5.67003674682939,5.539443609032868,1658.8069794950807,True,6182b799
21,435.0,0.55,0.41379310344827586,0.6045977011494252,0.41379310344827586,0.6045977011494252,0.0,239.25000000000003,180.0,263.0,180.0,263.0,0.0,6,27.438720009184635,5.82008831486002,5.75520149205664,1652.486835252951,True,2ad29c2f
22,435.0,0.44329501915708813,0.5287356321839081,0.6045977011494252,0.5287356321839081,0.6045977011494252,0.0,192.83333333333334,230.0,263.0,230.0,263.0,0.0,6,27.365578923783687,5.845402287015664,5.738349900816758,1629.350219854306,True,08d949bb
23,435.0,0.3365900383141763,0.47126436781609193,0.7,0.47126436781609193,0.7,0.0,146.41666666666669,205.0,304.5,205.0,304.5,0.0,6,26.66307308785872,5.820296498385879,5.741834258475098,1604.9215856772832,True,bf6e45c5
24,380.0,0.3587719298245614,0.5087719298245614,0.7,0.5087719298245614,0.7,0.0,136.33333333333334,193.33333333333334,266.0,193.33333333333334,266.0,0.0,6,26.625776954878347,5.815863505369474,5.715966496561231,1419.4323593683494,True,f628f247
25,380.0,0.4543859649122807,0.5087719298245614,0.6245614035087719,0.5087719298245614,0.6245614035087719,0.0,172.66666666666669,193.33333333333334,237.33333333333331,193.33333333333334,237.33333333333331,0.0,6,26.27644488121564,5.782176994534328,5.684954088501974,1435.3221133684847,True,fa7018bf
26,380.0,0.55,0.5263157894736842,0.5491228070175438,0.5263157894736842,0.5491228070175438,0.0,209.00000000000003,200.0,208.66666666666663,200.0,208.66666666666663,0.0,6,26.12714581712271,5.821175696932622,5.716038814195662,1451.9243651339389,True,7693e61f
27,380.0,0.3587719298245614,0.49122807017543857,0.7,0.49122807017543857,0.7,0.0,136.33333333333334,186.66666666666666,266.0,186.66666666666666,266.0,0.0,6,25.56674836141974,5.805064654296844,5.7053255443995505,1415.5294183921637,True,910273b6
28,435.0,0.55,0.47126436781609193,0.6045977011494252,0.47126436781609193,0.6045977011494252,0.0,239.25000000000003,205.0,263.0,205.0,263.0,0.0,6,25.477322029828656,5.995860379245343,5.915381254492599,1684.9989775998408,True,c828b20a
29,380.0,0.4543859649122807,0.49122807017543857,0.6245614035087719,0.49122807017543857,0.6245614035087719,0.0,172.66666666666669,186.66666666666666,237.33333333333331,186.66666666666666,237.33333333333331,0.0,6,25.32907607340053,5.867191170794115,5.789215563024097,1429.6154330405516,True,a86b7c60
30,380.0,0.3587719298245614,0.49122807017543857,0.6245614035087719,0.49122807017543857,0.6245614035087719,0.0,136.33333333333334,186.66666666666666,237.33333333333331,186.66666666666666,237.33333333333331,0.0,3,25.22416768053199,5.760830770788293,5.704464085282766,1649.9545005443324,True,7b905bf9
31,380.0,0.3587719298245614,0.47368421052631576,0.6245614035087719,0.47368421052631576,0.6245614035087719,0.0,136.33333333333334,180.0,237.33333333333331,180.0,237.33333333333331,0.0,3,25.113098402206788,5.7729975895166765,5.716397932561083,1646.1746753076059,True,ec793f0e
32,380.0,0.4543859649122807,0.47368421052631576,0.6245614035087719,0.47368421052631576,0.6245614035087719,0.0,172.66666666666669,180.0,237.33333333333331,180.0,237.33333333333331,0.0,6,24.89080925422718,5.861879771793861,5.783923739589644,1427.407808177678,True,ef087630
33,380.0,0.3587719298245614,0.5263157894736842,0.6245614035087719,0.5263157894736842,0.6245614035087719,0.0,136.33333333333334,200.0,237.33333333333331,200.0,237.33333333333331,0.0,3,24.817645152177647,5.872433975242627,5.780236395578126,1669.3103265654022,True,ccd08572
34,380.0,0.55,0.5087719298245614,0.5491228070175438,0.5087719298245614,0.5491228070175438,0.0,209.00000000000003,193.33333333333334,208.66666666666663,193.33333333333334,208.66666666666663,0.0,6,24.556119488987633,5.911885419933679,5.826492914331624,1440.9916823594099,True,b0a25ccd
35,435.0,0.44329501915708813,0.47126436781609193,0.6045977011494252,0.47126436781609193,0.6045977011494252,0.0,192.83333333333334,205.0,263.0,205.0,263.0,0.0,6,24.274384911776906,5.75640634721537,5.692760034240653,1608.9378493145982,True,41c05019
36,380.0,0.3587719298245614,0.47368421052631576,0.7,0.47368421052631576,0.7,0.0,136.33333333333334,180.0,266.0,180.0,266.0,0.0,6,24.257266728701325,5.799883790275407,5.700198954850666,1413.3386518820312,True,36fde9c2
37,380.0,0.55,0.49122807017543857,0.5491228070175438,0.49122807017543857,0.5491228070175438,0.0,209.00000000000003,186.66666666666666,208.66666666666663,186.66666666666666,208.66666666666663,0.0,6,23.9813913080352,5.908693430181986,5.82309873742478,1437.030982979516,True,bfff0afa
38,380.0,0.55,0.47368421052631576,0.5491228070175438,0.47368421052631576,0.5491228070175438,0.0,209.00000000000003,180.0,208.66666666666663,180.0,208.66666666666663,0.0,6,23.671643462300153,5.907159257612217,5.821439628654224,1434.8065293166915,True,b4529baa
39,380.0,0.2631578947368421,0.5263157894736842,0.5491228070175438,0.5263157894736842,0.5491228070175438,0.0,100.0,200.0,208.66666666666663,200.0,208.66666666666663,0.0,3,23.271035411930825,5.876060573935965,5.793297249673332,1568.4627096957126,True,7634f1b8
40,380.0,0.2631578947368421,0.5087719298245614,0.5491228070175438,0.5087719298245614,0.5491228070175438,0.0,100.0,193.33333333333334,208.66666666666663,193.33333333333334,208.66666666666663,0.0,3,22.789641164074055,5.909848390345474,5.825942249226556,1554.4341268292565,True,d9a7cd1d
41,380.0,0.2631578947368421,0.49122807017543857,0.5491228070175438,0.49122807017543857,0.5491228070175438,0.0,100.0,186.66666666666666,208.66666666666663,186.66666666666666,208.66666666666663,0.0,3,22.58183151298158,5.924776148403803,5.8403681957504245,1548.3421581556881,True,70c1d84b
42,380.0,0.2631578947368421,0.47368421052631576,0.5491228070175438,0.47368421052631576,0.5491228070175438,0.0,100.0,180.0,208.66666666666663,180.0,208.66666666666663,0.0,3,22.461248579537596,5.933017865450026,5.84833551849974,1544.867537554468,True,08c652b9
43,435.0,0.3365900383141763,0.41379310344827586,0.7,0.41379310344827586,0.7,0.0,146.41666666666669,180.0,304.5,180.0,304.5,0.0,6,20.839658958543623,5.872688527068961,5.797401592451608,1572.3710758248853,True,d02662ab
44,435.0,0.22988505747126436,0.41379310344827586,0.5091954022988505,0.41379310344827586,0.5091954022988505,0.0,100.0,180.0,221.49999999999997,180.0,221.49999999999997,0.0,3,20.584023287740592,5.838897022161793,5.778342645285774,1665.387566355519,True,899c0cda
45,435.0,0.44329501915708813,0.41379310344827586,0.6045977011494252,0.41379310344827586,0.6045977011494252,0.0,192.83333333333334,180.0,263.0,180.0,263.0,0.0,6,19.960330532203443,5.859355264563118,5.806626547868099,1576.0632260954617,True,ddf77f0c
46,380.0,0.55,0.5087719298245614,0.47368421052631576,0.5087719298245614,0.47368421052631576,0.0,209.00000000000003,193.33333333333334,180.0,193.33333333333334,180.0,0.0,4,19.810029598139636,5.803068913857237,5.759001457547493,1688.3904546650315,True,095a359b
47,380.0,0.55,0.49122807017543857,0.47368421052631576,0.49122807017543857,0.47368421052631576,0.0,209.00000000000003,186.66666666666666,180.0,186.66666666666666,180.0,0.0,4,19.716892401863788,5.811148150358458,5.766976366157629,1684.0036286356894,True,bbad2550
48,380.0,0.55,0.47368421052631576,0.47368421052631576,0.47368421052631576,0.47368421052631576,0.0,209.00000000000003,180.0,180.0,180.0,180.0,0.0,4,19.666505103878308,5.7728796165933485,5.601203822940061,1652.71072938747,True,22230574
49,380.0,0.3587719298245614,0.47368421052631576,0.5491228070175438,0.47368421052631576,0.5491228070175438,0.0,136.33333333333334,180.0,208.66666666666663,180.0,208.66666666666663,0.0,3,19.63920154634684,5.665278913165063,5.610275079699337,1607.1259356839257,True,5b187a43
50,380.0,0.3587719298245614,0.5263157894736842,0.5491228070175438,0.5263157894736842,0.5491228070175438,0.0,136.33333333333334,200.0,208.66666666666663,200.0,208.66666666666663,0.0,3,19.460393132191484,5.727278139322627,5.683126712546645,1628.0372571272728,True,26744bdb
51,435.0,0.3365900383141763,0.5862068965517241,0.6045977011494252,0.5862068965517241,0.6045977011494252,0.0,146.41666666666669,254.99999999999997,263.0,254.99999999999997,263.0,0.0,6,19.307438510518523,5.77914197668195,5.722990966136787,1562.1769543062337,True,9853b1e6
52,435.0,0.44329501915708813,0.5287356321839081,0.7,0.5287356321839081,0.7,0.0,192.83333333333334,230.0,304.5,230.0,304.5,0.0,6,18.608262050345047,6.249344234169346,6.202189325137027,1691.250656221343,True,4ad66dc7
53,380.0,0.2631578947368421,0.47368421052631576,0.47368421052631576,0.47368421052631576,0.47368421052631576,0.0,100.0,180.0,180.0,180.0,180.0,0.0,3,18.397967393515728,5.847149534630039,5.7879498966456815,1494.8842708813622,True,9e440cd9
54,435.0,0.3365900383141763,0.5287356321839081,0.6045977011494252,0.5287356321839081,0.6045977011494252,0.0,146.41666666666669,230.0,263.0,230.0,263.0,0.0,6,18.294876290355433,5.883643838027685,5.824822373263171,1548.1476698628603,True,82a0c43f
55,435.0,0.44329501915708813,0.5287356321839081,0.5091954022988505,0.5287356321839081,0.5091954022988505,0.0,192.83333333333334,230.0,221.49999999999997,230.0,221.49999999999997,0.0,6,18.210412704110468,5.803749273188106,5.746189562623611,1553.2812266342848,True,341c752c
56,435.0,0.22988505747126436,0.5862068965517241,0.7,0.5862068965517241,0.7,0.0,100.0,254.99999999999997,304.5,254.99999999999997,304.5,0.0,6,17.92511169008708,5.979682063060984,5.911827666180834,1543.8612776117504,True,b8957660
57,435.0,0.55,0.5287356321839081,0.5091954022988505,0.5287356321839081,0.5091954022988505,0.0,239.25000000000003,230.0,221.49999999999997,230.0,221.49999999999997,0.0,6,17.760127708978416,5.534133012775305,5.5053317261928205,1637.8304740401304,True,aa3614e1
58,380.0,0.2631578947368421,0.5087719298245614,0.6245614035087719,0.5087719298245614,0.6245614035087719,0.0,100.0,193.33333333333334,237.33333333333331,193.33333333333334,237.33333333333331,0.0,3,17.483749336876826,6.091874458000673,6.108064107036609,1598.2959401726516,True,5b819218
59,380.0,0.2631578947368421,0.47368421052631576,0.6245614035087719,0.47368421052631576,0.6245614035087719,0.0,100.0,180.0,237.33333333333331,180.0,237.33333333333331,0.0,3,17.15921417654863,5.974082238976498,5.931747461484907,1588.3626909629215,True,e4c2d551
60,380.0,0.2631578947368421,0.49122807017543857,0.6245614035087719,0.49122807017543857,0.6245614035087719,0.0,100.0,186.66666666666666,237.33333333333331,186.66666666666666,237.33333333333331,0.0,3,17.08038526238647,5.810229782896933,5.775718482755041,1570.0633238662112,True,91c3da9b
61,435.0,0.22988505747126436,0.5287356321839081,0.7,0.5287356321839081,0.7,0.0,100.0,230.0,304.5,230.0,304.5,0.0,6,16.946337792473514,5.882022350348714,5.834833960682266,1530.8270408283797,True,eeeb217f
62,435.0,0.44329501915708813,0.5862068965517241,0.5091954022988505,0.5862068965517241,0.5091954022988505,0.0,192.83333333333334,254.99999999999997,221.49999999999997,254.99999999999997,221.49999999999997,0.0,6,16.86479540496316,5.7149821505037215,5.659903525933052,1567.3011124025575,True,16754568
63,380.0,0.3587719298245614,0.49122807017543857,0.5491228070175438,0.49122807017543857,0.5491228070175438,0.0,136.33333333333334,186.66666666666666,208.66666666666663,186.66666666666666,208.66666666666663,0.0,3,16.672040131387803,5.620498758798481,5.600219300581566,1610.2782177771871,True,1f9aa1fe
64,435.0,0.44329501915708813,0.47126436781609193,0.5091954022988505,0.47126436781609193,0.5091954022988505,0.0,192.83333333333334,205.0,221.49999999999997,205.0,221.49999999999997,0.0,6,16.56322416148305,5.877857716418584,5.830085121486962,1534.0045560387125,True,43052ff1
65,435.0,0.22988505747126436,0.5862068965517241,0.41379310344827586,0.5862068965517241,0.41379310344827586,0.0,100.0,254.99999999999997,180.0,254.99999999999997,180.0,0.0,4,16.54906780178112,5.743893922049906,5.672658599439943,1642.567796010611,True,d67a9e7e
66,435.0,0.3365900383141763,0.47126436781609193,0.6045977011494252,0.47126436781609193,0.6045977011494252,0.0,146.41666666666669,205.0,263.0,205.0,263.0,0.0,6,16.494268004910055,5.805588134015601,5.7463588030040516,1530.6538448464999,True,b5419483
67,380.0,0.3587719298245614,0.5087719298245614,0.5491228070175438,0.5087719298245614,0.5491228070175438,0.0,136.33333333333334,193.33333333333334,208.66666666666663,193.33333333333334,208.66666666666663,0.0,3,16.263138828509682,5.6594322487452455,5.7229309423455055,1628.3517644110589,True,3d75d2d5
68,380.0,0.4543859649122807,0.5087719298245614,0.47368421052631576,0.5087719298245614,0.47368421052631576,0.0,172.66666666666669,193.33333333333334,180.0,193.33333333333334,180.0,0.0,4,15.995619889815316,6.022013761118551,5.94963862151887,1634.5270538049058,True,ba758f58
69,380.0,0.4543859649122807,0.49122807017543857,0.47368421052631576,0.49122807017543857,0.47368421052631576,0.0,172.66666666666669,186.66666666666666,180.0,186.66666666666666,180.0,0.0,4,15.856906870851162,6.038208643793647,5.965483682762459,1629.3399916449644,True,2e8e7609
70,380.0,0.2631578947368421,0.5263157894736842,0.47368421052631576,0.5263157894736842,0.47368421052631576,0.0,100.0,200.0,180.0,200.0,180.0,0.0,3,15.816177758478716,5.640236569802804,5.601099446574453,1517.6549508061773,True,1b788a70
71,435.0,0.55,0.47126436781609193,0.5091954022988505,0.47126436781609193,0.5091954022988505,0.0,239.25000000000003,205.0,221.49999999999997,205.0,221.49999999999997,0.0,6,15.781653860852657,5.501613864574097,5.472509810035321,1618.1917085822224,True,726b7cc6
72,380.0,0.2631578947368421,0.49122807017543857,0.47368421052631576,0.49122807017543857,0.47368421052631576,0.0,100.0,186.66666666666666,180.0,186.66666666666666,180.0,0.0,3,15.550209105868362,5.652525440939381,5.606076358552328,1517.3086247289195,True,b9c4520e
73,380.0,0.4543859649122807,0.47368421052631576,0.47368421052631576,0.47368421052631576,0.47368421052631576,0.0,172.66666666666669,180.0,180.0,180.0,180.0,0.0,4,15.401724196258783,6.048017912659266,5.975074646504323,1626.189828778988,True,10d5766d
74,435.0,0.22988505747126436,0.47126436781609193,0.7,0.47126436781609193,0.7,0.0,100.0,205.0,304.5,205.0,304.5,0.0,6,15.387993676906945,5.794753043202503,5.747335532880162,1513.2866359116315,True,85c675f3
75,435.0,0.55,0.5862068965517241,0.5091954022988505,0.5862068965517241,0.5091954022988505,0.0,239.25000000000003,254.99999999999997,221.49999999999997,254.99999999999997,221.49999999999997,0.0,6,15.36239034094524,5.323895232162957,5.311225467271776,1655.4915370930667,True,e7249c9b
76,380.0,0.2631578947368421,0.5263157894736842,0.6245614035087719,0.5263157894736842,0.6245614035087719,0.0,100.0,200.0,237.33333333333331,200.0,237.33333333333331,0.0,3,14.367279497496838,6.2289712321918795,6.1786580172687815,1609.6829948914842,True,50833cac
77,490.0,0.20408163265306123,0.5224489795918368,0.7,0.5224489795918368,0.7,0.0,100.0,256.0,343.0,256.0,343.0,0.0,6,14.158336674933025,5.881784076294338,5.826347071898351,1690.5577353165068,True,e491b372
78,435.0,0.44329501915708813,0.41379310344827586,0.5091954022988505,0.41379310344827586,0.5091954022988505,0.0,192.83333333333334,180.0,221.49999999999997,180.0,221.49999999999997,0.0,6,14.14862048441637,5.891910883500184,5.835314075149447,1506.4047349437349,True,e18fe237
79,435.0,0.3365900383141763,0.41379310344827586,0.6045977011494252,0.41379310344827586,0.6045977011494252,0.0,146.41666666666669,180.0,263.0,180.0,263.0,0.0,6,14.003784335867294,5.9614190718246345,5.903670923746021,1501.5264521672461,True,ae24ea34
80,380.0,0.4543859649122807,0.5263157894736842,0.47368421052631576,0.5263157894736842,0.47368421052631576,0.0,172.66666666666669,200.0,180.0,200.0,180.0,0.0,4,13.976145845612791,6.163936963310446,6.123312869400204,1643.7610379096977,True,24973333
81,490.0,0.4346938775510204,0.4448979591836735,0.4782312925170068,0.4448979591836735,0.4782312925170068,0.0,213.0,218.0,234.33333333333334,218.0,234.33333333333334,0.0,6,13.88047153519824,5.93960309528294,5.872608434775307,1669.8237879329413,True,c4ee477d
82,435.0,0.3365900383141763,0.41379310344827586,0.41379310344827586,0.41379310344827586,0.41379310344827586,0.0,146.41666666666669,180.0,180.0,180.0,180.0,0.0,4,13.711144818263165,5.937235027086723,5.907934315835888,1690.977055283898,True,996dbb80
83,490.0,0.3193877551020408,0.4448979591836735,0.5891156462585034,0.4448979591836735,0.5891156462585034,0.0,156.5,218.0,288.6666666666667,218.0,288.6666666666667,0.0,6,13.677936304176683,5.943032783905483,5.875445933058097,1662.7705659308672,True,a2bffe21
84,490.0,0.20408163265306123,0.4448979591836735,0.7,0.4448979591836735,0.7,0.0,100.0,218.0,343.0,218.0,343.0,0.0,6,13.100847109017877,5.867884341290172,5.80117666024124,1654.2469395431694,True,2ff8b944
85,380.0,0.2631578947368421,0.5087719298245614,0.47368421052631576,0.5087719298245614,0.47368421052631576,0.0,100.0,193.33333333333334,180.0,193.33333333333334,180.0,0.0,3,12.900124182433956,5.500046427527367,5.482116599469834,1506.3740109450707,True,cbaabbb3
86,380.0,0.2631578947368421,0.5263157894736842,0.7,0.5263157894736842,0.7,0.0,100.0,200.0,266.0,200.0,266.0,0.0,2,12.856883456479864,5.3570799311247015,5.347566845815428,1656.154086985157,True,617c8670
87,435.0,0.22988505747126436,0.41379310344827586,0.7,0.41379310344827586,0.7,0.0,100.0,180.0,304.5,180.0,304.5,0.0,6,12.84908478005832,5.950614032124875,5.919474412416539,1484.3310057857548,True,c6c21b7b
88,490.0,0.55,0.3673469387755102,0.3673469387755102,0.3673469387755102,0.3673469387755102,0.0,269.5,180.0,180.0,180.0,180.0,0.0,7,12.339724218011952,5.781021321328344,5.740209426687073,1647.9648914084457,True,bcce4b61
89,435.0,0.3365900383141763,0.5862068965517241,0.5091954022988505,0.5862068965517241,0.5091954022988505,0.0,146.41666666666669,254.99999999999997,221.49999999999997,254.99999999999997,221.49999999999997,0.0,6,12.333651178033506,5.7687609352229074,5.734890434809202,1477.1575304485782,True,a9ec62b0
90,380.0,0.2631578947368421,0.5087719298245614,0.7,0.5087719298245614,0.7,0.0,100.0,193.33333333333334,266.0,193.33333333333334,266.0,0.0,2,12.175256663015716,5.582709280094304,5.385839652416997,1640.1404859489057,True,b7f98527
91,490.0,0.20408163265306123,0.3673469387755102,0.3673469387755102,0.3673469387755102,0.3673469387755102,0.0,100.0,180.0,180.0,180.0,180.0,0.0,4,11.531426355652684,5.802933012351829,5.6170254504705435,1656.7963664860401,True,e9e88ef1
92,435.0,0.3365900383141763,0.5287356321839081,0.5091954022988505,0.5287356321839081,0.5091954022988505,0.0,146.41666666666669,230.0,221.49999999999997,230.0,221.49999999999997,0.0,6,11.469951602591891,5.7675771930135795,5.732822919889637,1465.4025368778873,True,c6b04d08
93,435.0,0.22988505747126436,0.5862068965517241,0.6045977011494252,0.5862068965517241,0.6045977011494252,0.0,100.0,254.99999999999997,263.0,254.99999999999997,263.0,0.0,6,10.830962591818889,5.8700362656759175,5.828470850305099,1455.5551868738003,True,43a3e372
94,435.0,0.22988505747126436,0.5287356321839081,0.41379310344827586,0.5287356321839081,0.41379310344827586,0.0,100.0,230.0,180.0,230.0,180.0,0.0,4,10.692615711803228,6.180038434699355,6.148654572386624,1640.514598484021,True,46a865c2
95,490.0,0.3193877551020408,0.3673469387755102,0.5891156462585034,0.3673469387755102,0.5891156462585034,0.0,156.5,180.0,288.6666666666667,180.0,288.6666666666667,0.0,6,10.502106056885395,5.9557928283790735,5.923358717853387,1620.1450982026727,True,aed478be
96,435.0,0.3365900383141763,0.47126436781609193,0.5091954022988505,0.47126436781609193,0.5091954022988505,0.0,146.41666666666669,205.0,221.49999999999997,205.0,221.49999999999997,0.0,6,10.28578449150632,6.054450033318215,6.009819420416883,1447.8868229249429,True,a914c153
97,435.0,0.55,0.41379310344827586,0.7,0.41379310344827586,0.7,0.0,239.25000000000003,180.0,304.5,180.0,304.5,0.0,7,10.103457096493457,5.788077750794583,5.7155786636254,1534.2630718553062,True,4ddcce82
98,490.0,0.20408163265306123,0.3673469387755102,0.7,0.3673469387755102,0.7,0.0,100.0,180.0,343.0,180.0,343.0,0.0,6,10.095651772295469,5.829903562847235,5.798070996379304,1611.2111777119676,True,198cd8c2
99,435.0,0.22988505747126436,0.5287356321839081,0.6045977011494252,0.5287356321839081,0.6045977011494252,0.0,100.0,230.0,263.0,230.0,263.0,0.0,6,9.9988237830471,5.828946707373648,5.78668607611797,1443.9591711157104,True,14b3a471
100,380.0,0.4543859649122807,0.47368421052631576,0.5491228070175438,0.47368421052631576,0.5491228070175438,0.0,172.66666666666669,180.0,208.66666666666663,180.0,208.66666666666663,0.0,3,9.90300698647161,5.535310032985369,5.27558702810156,1668.3340698012835,True,e8489160
101,380.0,0.2631578947368421,0.49122807017543857,0.7,0.49122807017543857,0.7,0.0,100.0,186.66666666666666,266.0,186.66666666666666,266.0,0.0,5,9.874224225387024,5.960080391605437,5.903417336851907,1445.6252164741927,True,45be9e7f
102,380.0,0.2631578947368421,0.47368421052631576,0.7,0.47368421052631576,0.7,0.0,100.0,180.0,266.0,180.0,266.0,0.0,5,9.7887447864548,6.015878621947245,5.958333496813041,1438.6037223691294,True,bee6a7d0
103,490.0,0.20408163265306123,0.6,0.5891156462585034,0.6,0.5891156462585034,0.0,100.0,294.0,288.6666666666667,294.0,288.6666666666667,0.0,6,9.745755044015596,5.811777823965525,5.775066840863829,1601.9400028742152,True,91cd12d5
104,380.0,0.4543859649122807,0.49122807017543857,0.5491228070175438,0.49122807017543857,0.5491228070175438,0.0,172.66666666666669,186.66666666666666,208.66666666666663,186.66666666666666,208.66666666666663,0.0,5,9.527468880936567,5.9236833442477055,5.852034521453433,1484.3450200644927,True,3ad77af0
105,380.0,0.3587719298245614,0.5087719298245614,0.47368421052631576,0.5087719298245614,0.47368421052631576,0.0,136.33333333333334,193.33333333333334,180.0,193.33333333333334,180.0,0.0,4,9.511543482714615,6.272041750283296,6.249958685949324,1566.2368953306773,True,8a30f1c2
106,490.0,0.4346938775510204,0.3673469387755102,0.4782312925170068,0.3673469387755102,0.4782312925170068,0.0,213.0,180.0,234.33333333333334,180.0,234.33333333333334,0.0,6,9.48155090310388,5.7618569728931535,5.719079779096193,1628.5223589833063,True,20ebc033
107,380.0,0.4543859649122807,0.5087719298245614,0.5491228070175438,0.5087719298245614,0.5491228070175438,0.0,172.66666666666669,193.33333333333334,208.66666666666663,193.33333333333334,208.66666666666663,0.0,5,9.387532643332179,5.802509739204769,5.733217532812327,1489.2757447422412,True,615b8c27
108,380.0,0.4543859649122807,0.5263157894736842,0.5491228070175438,0.5263157894736842,0.5491228070175438,0.0,172.66666666666669,200.0,208.66666666666663,200.0,208.66666666666663,0.0,3,9.23874374134175,5.358913863769896,5.358913863769896,1687.6729523666404,True,5d327c2d
109,380.0,0.3587719298245614,0.5263157894736842,0.47368421052631576,0.5263157894736842,0.47368421052631576,0.0,136.33333333333334,200.0,180.0,200.0,180.0,0.0,4,9.035904202925849,6.22966935242687,6.207860367410799,1578.275314195001,True,ac718bd4
110,435.0,0.22988505747126436,0.47126436781609193,0.6045977011494252,0.47126436781609193,0.6045977011494252,0.0,100.0,205.0,263.0,205.0,263.0,0.0,6,8.947611026734876,5.797859469101163,5.766584261205545,1427.9359215015957,True,6ee08d57
111,380.0,0.3587719298245614,0.49122807017543857,0.47368421052631576,0.49122807017543857,0.47368421052631576,0.0,136.33333333333334,186.66666666666666,180.0,186.66666666666666,180.0,0.0,4,8.927373354784095,6.2916611348790985,6.269454131427449,1560.8849858127264,True,0d779097
112,435.0,0.3365900383141763,0.41379310344827586,0.5091954022988505,0.41379310344827586,0.5091954022988505,0.0,146.41666666666669,180.0,221.49999999999997,180.0,221.49999999999997,0.0,6,8.65909015367697,6.008451974749987,5.953714441982164,1424.3397948219022,True,67989092
113,435.0,0.55,0.47126436781609193,0.7,0.47126436781609193,0.7,0.0,239.25000000000003,205.0,304.5,205.0,304.5,0.0,7,8.650821670043115,5.828695540027096,5.775278051545,1547.835596850332,True,19d4f649
114,490.0,0.3193877551020408,0.5224489795918368,0.4782312925170068,0.5224489795918368,0.4782312925170068,0.0,156.5,256.0,234.33333333333334,256.0,234.33333333333334,0.0,6,8.527497528946924,5.602550592662304,5.565616778415335,1585.5017918140381,True,d3b298fd
115,490.0,0.55,0.4448979591836735,0.3673469387755102,0.4448979591836735,0.3673469387755102,0.0,269.5,218.0,180.0,218.0,180.0,0.0,7,8.215633790849324,5.776808117958131,5.714756637857677,1686.5854146466959,True,1ffc915f
116,490.0,0.20408163265306123,0.5224489795918368,0.5891156462585034,0.5224489795918368,0.5891156462585034,0.0,100.0,256.0,288.6666666666667,256.0,288.6666666666667,0.0,6,8.194172453118199,6.14784061335368,6.097235834126802,1576.8048500803393,True,2787cde1
117,380.0,0.3587719298245614,0.47368421052631576,0.47368421052631576,0.47368421052631576,0.47368421052631576,0.0,136.33333333333334,180.0,180.0,180.0,180.0,0.0,4,8.165334431441352,6.303070797656136,6.28079084054862,1557.7483925800127,True,a64c5169
118,435.0,0.55,0.41379310344827586,0.41379310344827586,0.41379310344827586,0.41379310344827586,0.0,239.25000000000003,180.0,180.0,180.0,180.0,0.0,5,8.095135400958952,5.655160271523385,5.655160271523385,1658.5742992990895,True,f8e93b7e
119,380.0,0.55,0.5263157894736842,0.47368421052631576,0.5263157894736842,0.47368421052631576,0.0,209.00000000000003,200.0,180.0,200.0,180.0,0.0,5,7.780739310064973,5.600377845725188,5.600377845725188,1503.9140855803853,True,253cdb52
120,435.0,0.55,0.47126436781609193,0.41379310344827586,0.47126436781609193,0.41379310344827586,0.0,239.25000000000003,205.0,180.0,205.0,180.0,0.0,5,7.603386076614015,5.836492238637014,5.702777986521433,1673.8923457589267,True,0bc633ab
121,435.0,0.44329501915708813,0.47126436781609193,0.41379310344827586,0.47126436781609193,0.41379310344827586,0.0,192.83333333333334,205.0,180.0,205.0,180.0,0.0,5,7.447863776432314,5.923899057545641,5.923899057545641,1600.3122809246347,True,fbd23611
122,435.0,0.44329501915708813,0.41379310344827586,0.41379310344827586,0.41379310344827586,0.41379310344827586,0.0,192.83333333333334,180.0,180.0,180.0,180.0,0.0,5,7.425137146257384,5.778478617799561,5.6820296949131865,1585.2654901314693,True,16355145
123,435.0,0.22988505747126436,0.41379310344827586,0.6045977011494252,0.41379310344827586,0.6045977011494252,0.0,100.0,180.0,263.0,180.0,263.0,0.0,6,7.351566088184654,5.676928944453114,5.638585429462697,1405.080108285888,True,7a8aff1c
124,435.0,0.44329501915708813,0.5287356321839081,0.41379310344827586,0.5287356321839081,0.41379310344827586,0.0,192.83333333333334,230.0,180.0,230.0,180.0,0.0,5,7.28029200230003,5.535269486046051,5.535269486046051,1615.633519096016,True,0cc4409e
125,435.0,0.55,0.41379310344827586,0.5091954022988505,0.41379310344827586,0.5091954022988505,0.0,239.25000000000003,180.0,221.49999999999997,180.0,221.49999999999997,0.0,6,7.220026398605569,5.232394452284551,5.223159058584076,1590.7380734422563,True,b5c1ebce
126,490.0,0.3193877551020408,0.5224489795918368,0.5891156462585034,0.5224489795918368,0.5891156462585034,0.0,156.5,256.0,288.6666666666667,256.0,288.6666666666667,0.0,6,7.061656109911155,6.31048663508281,6.287271362129385,1694.5396362964962,True,4f1a2e0b
127,435.0,0.22988505747126436,0.47126436781609193,0.41379310344827586,0.47126436781609193,0.41379310344827586,0.0,100.0,205.0,180.0,205.0,180.0,0.0,4,7.05704951101734,6.358507000490227,6.3350228173001355,1613.0217235341443,True,77f323e0
128,435.0,0.55,0.5287356321839081,0.41379310344827586,0.5287356321839081,0.41379310344827586,0.0,239.25000000000003,230.0,180.0,230.0,180.0,0.0,7,7.008567260021437,5.863421298071289,5.85294023708765,1567.7635267307232,True,3e51fbcf
129,490.0,0.4346938775510204,0.3673469387755102,0.7,0.3673469387755102,0.7,0.0,213.0,180.0,343.0,180.0,343.0,0.0,7,6.940516367880036,6.006035037251767,5.902074155675886,1603.0516168814588,True,5d4fd414
130,490.0,0.4346938775510204,0.4448979591836735,0.7,0.4448979591836735,0.7,0.0,213.0,218.0,343.0,218.0,343.0,0.0,7,6.906794039405213,5.791153184196652,5.694161365409306,1623.6983939568595,True,03b603bf
131,490.0,0.3193877551020408,0.4448979591836735,0.4782312925170068,0.4448979591836735,0.4782312925170068,0.0,156.5,218.0,234.33333333333334,218.0,234.33333333333334,0.0,6,6.8482565709184655,6.115644083510817,6.049705789753893,1554.3751758352064,True,ae563b55
132,435.0,0.55,0.5862068965517241,0.41379310344827586,0.5862068965517241,0.41379310344827586,0.0,239.25000000000003,254.99999999999997,180.0,254.99999999999997,180.0,0.0,7,6.642543079259212,5.759739260083266,5.697420626680358,1573.4917307217952,True,a6bbceee
133,435.0,0.44329501915708813,0.5862068965517241,0.41379310344827586,0.5862068965517241,0.41379310344827586,0.0,192.83333333333334,254.99999999999997,180.0,254.99999999999997,180.0,0.0,5,6.579046202161862,5.870779022388984,5.870779022388984,1627.0443515355396,True,00d1165a
134,490.0,0.20408163265306123,0.4448979591836735,0.5891156462585034,0.4448979591836735,0.5891156462585034,0.0,100.0,218.0,288.6666666666667,218.0,288.6666666666667,0.0,6,6.311717315054011,5.8853471289811425,5.821075531984708,1547.7768630987453,True,30fe794e
135,435.0,0.3365900383141763,0.47126436781609193,0.41379310344827586,0.47126436781609193,0.41379310344827586,0.0,146.41666666666669,205.0,180.0,205.0,180.0,0.0,5,6.269960447144513,5.787582536554256,5.787582536554256,1523.0972936250691,True,49532e53
136,435.0,0.22988505747126436,0.47126436781609193,0.5091954022988505,0.47126436781609193,0.5091954022988505,0.0,100.0,205.0,221.49999999999997,205.0,221.49999999999997,0.0,5,6.217066949018317,6.057433346287414,6.057433346287414,1500.2071426617943,True,d6044d20
137,435.0,0.22988505747126436,0.5287356321839081,0.5091954022988505,0.5287356321839081,0.5091954022988505,0.0,100.0,230.0,221.49999999999997,230.0,221.49999999999997,0.0,5,6.212064495313143,5.803181981994247,5.803181981994247,1514.882261416622,True,44fc4b77
138,435.0,0.3365900383141763,0.5287356321839081,0.41379310344827586,0.5287356321839081,0.41379310344827586,0.0,146.41666666666669,230.0,180.0,230.0,180.0,0.0,5,6.155766449589919,5.517018813220589,5.517018813220589,1536.9235172650046,True,99cea758
139,435.0,0.22988505747126436,0.5862068965517241,0.5091954022988505,0.5862068965517241,0.5091954022988505,0.0,100.0,254.99999999999997,221.49999999999997,254.99999999999997,221.49999999999997,0.0,5,5.935364670486251,5.413659467660464,5.413659467660464,1528.8570513807972,True,39161464
140,435.0,0.3365900383141763,0.5862068965517241,0.41379310344827586,0.5862068965517241,0.41379310344827586,0.0,146.41666666666669,254.99999999999997,180.0,254.99999999999997,180.0,0.0,5,5.839162919756518,6.042288526776004,6.042288526776004,1546.838738624339,True,1ad388ff
141,490.0,0.20408163265306123,0.3673469387755102,0.5891156462585034,0.3673469387755102,0.5891156462585034,0.0,100.0,180.0,288.6666666666667,180.0,288.6666666666667,0.0,5,5.64217002038049,5.6984042739379355,5.6984042739379355,1682.2560846797546,True,353fe6c2
142,490.0,0.20408163265306123,0.4448979591836735,0.4782312925170068,0.4448979591836735,0.4782312925170068,0.0,100.0,218.0,234.33333333333334,218.0,234.33333333333334,0.0,5,5.595902477314894,6.275955429487429,6.275955429487429,1629.9956214934282,True,75329f7c
143,490.0,0.20408163265306123,0.5224489795918368,0.4782312925170068,0.5224489795918368,0.4782312925170068,0.0,100.0,256.0,234.33333333333334,256.0,234.33333333333334,0.0,5,5.5397812770352175,6.017888313807443,6.017888313807443,1650.392767074311,True,b8661b4a
144,490.0,0.3193877551020408,0.4448979591836735,0.3673469387755102,0.4448979591836735,0.3673469387755102,0.0,156.5,218.0,180.0,218.0,180.0,0.0,5,5.466149164021317,5.966840829423348,5.966840829423348,1652.7825864259664,True,007bc179
145,435.0,0.22988505747126436,0.41379310344827586,0.41379310344827586,0.41379310344827586,0.41379310344827586,0.0,100.0,180.0,180.0,180.0,180.0,0.0,4,5.2684385741872575,6.101416042178819,6.078720950142112,1577.717923781348,True,8a279dc7
146,490.0,0.3193877551020408,0.5224489795918368,0.3673469387755102,0.5224489795918368,0.3673469387755102,0.0,156.5,256.0,180.0,256.0,180.0,0.0,5,5.219004097707057,5.675582142420849,5.675582142420849,1670.9386386915364,True,cf89450c
147,490.0,0.20408163265306123,0.3673469387755102,0.4782312925170068,0.3673469387755102,0.4782312925170068,0.0,100.0,180.0,234.33333333333334,180.0,234.33333333333334,0.0,5,5.178208643230619,6.119377105078582,6.119377105078582,1604.821638345492,True,c188b6c3
148,490.0,0.3193877551020408,0.3673469387755102,0.3673469387755102,0.3673469387755102,0.3673469387755102,0.0,156.5,180.0,180.0,180.0,180.0,0.0,5,5.148635067806936,5.90868337566816,5.90868337566816,1630.3842702403797,True,6f2f4b13
149,490.0,0.3193877551020408,0.6,0.3673469387755102,0.6,0.3673469387755102,0.0,156.5,294.0,180.0,294.0,180.0,0.0,5,5.137083654306025,5.591184981595604,5.591184981595604,1685.897432739711,True,77b52b61
150,545.0,0.3056574923547401,0.42018348623853213,0.45351681957186546,0.42018348623853213,0.45351681957186546,0.0,166.58333333333334,229.0,247.16666666666669,229.0,247.16666666666669,0.0,6,5.054696567617384,5.716463227004625,5.716463227004625,1681.4611123418706,True,b8a8066b
151,490.0,0.20408163265306123,0.6,0.4782312925170068,0.6,0.4782312925170068,0.0,100.0,294.0,234.33333333333334,294.0,234.33333333333334,0.0,5,4.903078247769827,5.9571696993097705,5.9571696993097705,1666.3517288391695,False,7575e0e0
152,490.0,0.3193877551020408,0.3673469387755102,0.4782312925170068,0.3673469387755102,0.4782312925170068,0.0,156.5,180.0,234.33333333333334,180.0,234.33333333333334,0.0,6,4.841069840814953,5.699073530940389,5.699073530940389,1521.4586668867028,False,4f6ceb74
153,545.0,0.1834862385321101,0.42018348623853213,0.5767584097859327,0.42018348623853213,0.5767584097859327,0.0,100.0,229.0,314.3333333333333,229.0,314.3333333333333,0.0,6,4.738650441948721,6.090366365675809,6.090366365675809,1674.7725563843837,False,3d22a49f
154,490.0,0.4346938775510204,0.3673469387755102,0.5891156462585034,0.3673469387755102,0.5891156462585034,0.0,213.0,180.0,288.6666666666667,180.0,288.6666666666667,0.0,7,4.199428194869824,5.951202586264584,5.951202586264584,1553.8376017527357,False,2874ab9e
155,435.0,0.55,0.5287356321839081,0.6045977011494252,0.5287356321839081,0.6045977011494252,0.0,239.25000000000003,230.0,263.0,230.0,263.0,0.0,6,4.150442847504337,6.718905570183556,6.718905570183556,1695.7880858247372,False,2226c39c
156,435.0,0.44329501915708813,0.5862068965517241,0.7,0.5862068965517241,0.7,0.0,192.83333333333334,254.99999999999997,304.5,254.99999999999997,304.5,0.0,6,3.9221240776150808,6.759815244722296,6.759815244722296,1698.292418181572,False,1b80e57e
157,490.0,0.20408163265306123,0.5224489795918368,0.3673469387755102,0.5224489795918368,0.3673469387755102,0.0,100.0,256.0,180.0,256.0,180.0,0.0,5,3.1129875825517956,5.8754832549208125,5.8754832549208125,1561.7035879117252,False,3742ccb8
158,490.0,0.20408163265306123,0.4448979591836735,0.3673469387755102,0.4448979591836735,0.3673469387755102,0.0,100.0,218.0,180.0,218.0,180.0,0.0,5,3.07554230240612,6.035374634877592,6.035374634877592,1547.5388532993427,False,c40042df
159,490.0,0.20408163265306123,0.6,0.3673469387755102,0.6,0.3673469387755102,0.0,100.0,294.0,180.0,294.0,180.0,0.0,5,2.971660438879553,5.4134087115800025,5.4134087115800025,1573.844653953461,False,529222ad
160,490.0,0.3193877551020408,0.6,0.4782312925170068,0.6,0.4782312925170068,0.0,156.5,294.0,234.33333333333334,294.0,234.33333333333334,0.0,6,2.908562005194881,5.294019329190824,5.294019329190824,1609.5692129398437,False,af3bd772
161,545.0,0.1834862385321101,0.5100917431192661,0.45351681957186546,0.5100917431192661,0.45351681957186546,0.0,100.0,278.0,247.16666666666669,278.0,247.16666666666669,0.0,7,2.905844533824393,6.189878045567675,6.189878045567675,1576.0063628907967,False,dfe9a315
162,545.0,0.1834862385321101,0.5100917431192661,0.3302752293577982,0.5100917431192661,0.3302752293577982,0.0,100.0,278.0,180.0,278.0,180.0,0.0,5,2.5695586087601896,6.459167985997721,6.459167985997721,1681.8134123669504,False,bb33f834
163,545.0,0.3056574923547401,0.3302752293577982,0.45351681957186546,0.3302752293577982,0.45351681957186546,0.0,166.58333333333334,180.0,247.16666666666669,180.0,247.16666666666669,0.0,6,2.5559672950710137,5.881284859014066,5.881284859014066,1630.2496521395033,False,16948f08
164,545.0,0.1834862385321101,0.42018348623853213,0.3302752293577982,0.42018348623853213,0.3302752293577982,0.0,100.0,229.0,180.0,229.0,180.0,0.0,5,2.5100209380707383,6.474313551037571,6.474313551037571,1666.085812003232,False,f23ef302
165,545.0,0.1834862385321101,0.6,0.3302752293577982,0.6,0.3302752293577982,0.0,100.0,327.0,180.0,327.0,180.0,0.0,5,2.328978318455029,5.9404235464198125,5.9404235464198125,1694.4913109829322,False,184ae105
166,545.0,0.1834862385321101,0.3302752293577982,0.5767584097859327,0.3302752293577982,0.5767584097859327,0.0,100.0,180.0,314.3333333333333,180.0,314.3333333333333,0.0,6,2.166653433920146,5.265465313247479,5.265465313247479,1624.528420618633,False,49e2efc5
167,545.0,0.1834862385321101,0.3302752293577982,0.3302752293577982,0.3302752293577982,0.3302752293577982,0.0,100.0,180.0,180.0,180.0,180.0,0.0,5,2.080843388827361,5.859432754549003,5.859432754549003,1645.6321048810464,False,9e2b1bb0
168,545.0,0.1834862385321101,0.6,0.45351681957186546,0.6,0.45351681957186546,0.0,100.0,327.0,247.16666666666669,327.0,247.16666666666669,0.0,7,1.624578140233325,6.144045604307954,6.144045604307954,1590.0508133770218,False,ed58054c
169,545.0,0.3056574923547401,0.3302752293577982,0.7,0.3302752293577982,0.7,0.0,166.58333333333334,180.0,381.5,180.0,381.5,0.0,7,1.5580022973922496,5.863610586892784,5.863610586892784,1604.8833073691467,False,480eb607
170,490.0,0.4346938775510204,0.3673469387755102,0.3673469387755102,0.3673469387755102,0.3673469387755102,0.0,213.0,180.0,180.0,180.0,180.0,0.0,7,0.24077890534658763,5.555458334290263,5.555458334290263,1529.9616823234953,False,10828202
171,490.0,0.55,0.3673469387755102,0.5891156462585034,0.3673469387755102,0.5891156462585034,0.0,269.5,180.0,288.6666666666667,180.0,288.6666666666667,0.0,7,0.0,3.49562072911385,3.49562072911385,nan,False,5bfc7bbb
172,435.0,0.55,0.5287356321839081,0.7,0.5287356321839081,0.7,0.0,239.25000000000003,230.0,304.5,230.0,304.5,0.0,7,0.0,3.4812752875806847,3.4812752875806847,nan,False,7b1b3aa6
173,435.0,0.55,0.5862068965517241,0.7,0.5862068965517241,0.7,0.0,239.25000000000003,254.99999999999997,304.5,254.99999999999997,304.5,0.0,7,0.0,3.4358725236870793,3.4358725236870793,nan,False,3cdc9c02
174,490.0,0.4346938775510204,0.5224489795918368,0.7,0.5224489795918368,0.7,0.0,213.0,256.0,343.0,256.0,343.0,0.0,7,0.0,3.308866881330615,3.308866881330615,nan,False,e5ccc54d
175,435.0,0.55,0.5862068965517241,0.6045977011494252,0.5862068965517241,0.6045977011494252,0.0,239.25000000000003,254.99999999999997,263.0,254.99999999999997,263.0,0.0,7,0.0,3.0389140935710492,3.0389140935710492,nan,False,5dcf168c
176,490.0,0.4346938775510204,0.6,0.3673469387755102,0.6,0.3673469387755102,0.0,213.0,294.0,180.0,294.0,180.0,0.0,6,0.0,2.744598025809003,2.744598025809003,nan,False,0eae2806
177,490.0,0.4346938775510204,0.6,0.5891156462585034,0.6,0.5891156462585034,0.0,213.0,294.0,288.6666666666667,294.0,288.6666666666667,0.0,7,0.0,2.586750467232898,2.586750467232898,nan,False,258dc4f0
178,490.0,0.4346938775510204,0.5224489795918368,0.5891156462585034,0.5224489795918368,0.5891156462585034,0.0,213.0,256.0,288.6666666666667,256.0,288.6666666666667,0.0,7,0.0,2.561925013755185,2.561925013755185,nan,False,4c68ba72
179,490.0,0.4346938775510204,0.4448979591836735,0.5891156462585034,0.4448979591836735,0.5891156462585034,0.0,213.0,218.0,288.6666666666667,218.0,288.6666666666667,0.0,7,0.0,2.537315286222791,2.537315286222791,nan,False,d3d53b0f
180,490.0,0.4346938775510204,0.5224489795918368,0.3673469387755102,0.5224489795918368,0.3673469387755102,0.0,213.0,256.0,180.0,256.0,180.0,0.0,6,0.0,2.512042020937384,2.512042020937384,nan,False,14121906
181,490.0,0.55,0.3673469387755102,0.4782312925170068,0.3673469387755102,0.4782312925170068,0.0,269.5,180.0,234.33333333333334,180.0,234.33333333333334,0.0,7,0.0,2.3615215725692877,2.3615215725692877,nan,False,25a090e3
182,490.0,0.4346938775510204,0.5224489795918368,0.4782312925170068,0.5224489795918368,0.4782312925170068,0.0,213.0,256.0,234.33333333333334,256.0,234.33333333333334,0.0,7,0.0,2.198617049433079,2.198617049433079,nan,False,a6820604
183,490.0,0.3193877551020408,0.6,0.7,0.6,0.7,0.0,156.5,294.0,343.0,294.0,343.0,0.0,7,0.0,2.0896973465101194,2.0896973465101194,nan,False,3d8ee3b5
184,490.0,0.4346938775510204,0.4448979591836735,0.3673469387755102,0.4448979591836735,0.3673469387755102,0.0,213.0,218.0,180.0,218.0,180.0,0.0,6,0.0,2.033282055936151,2.033282055936151,nan,False,96c49ef6
185,490.0,0.4346938775510204,0.6,0.4782312925170068,0.6,0.4782312925170068,0.0,213.0,294.0,234.33333333333334,294.0,234.33333333333334,0.0,7,0.0,1.9981080430591065,1.9981080430591065,nan,False,83d5fbdd
186,545.0,0.3056574923547401,0.42018348623853213,0.7,0.42018348623853213,0.7,0.0,166.58333333333334,229.0,381.5,229.0,381.5,0.0,7,0.0,1.9038534621431786,1.9038534621431786,nan,False,790d1faa
187,490.0,0.3193877551020408,0.5224489795918368,0.7,0.5224489795918368,0.7,0.0,156.5,256.0,343.0,256.0,343.0,0.0,7,0.0,1.871330027022583,1.871330027022583,nan,False,1d2a359d
188,490.0,0.3193877551020408,0.4448979591836735,0.7,0.4448979591836735,0.7,0.0,156.5,218.0,343.0,218.0,343.0,0.0,7,0.0,1.72857558354033,1.72857558354033,nan,False,34f65641
189,545.0,0.4278287461773701,0.3302752293577982,0.3302752293577982,0.3302752293577982,0.3302752293577982,0.0,233.1666666666667,180.0,180.0,180.0,180.0,0.0,7,0.0,1.6972239346273161,1.6972239346273161,nan,False,7a8e7930
190,490.0,0.3193877551020408,0.6,0.5891156462585034,0.6,0.5891156462585034,0.0,156.5,294.0,288.6666666666667,294.0,288.6666666666667,0.0,7,0.0,1.6908139757591498,1.6908139757591498,nan,False,883a7fbd
191,490.0,0.3193877551020408,0.3673469387755102,0.7,0.3673469387755102,0.7,0.0,156.5,180.0,343.0,180.0,343.0,0.0,7,0.0,1.6595855072234937,1.6595855072234937,nan,False,05ac3c1b
192,545.0,0.3056574923547401,0.42018348623853213,0.5767584097859327,0.42018348623853213,0.5767584097859327,0.0,166.58333333333334,229.0,314.3333333333333,229.0,314.3333333333333,0.0,7,0.0,1.5702527592457347,1.5702527592457347,nan,False,95b8f1c1
193,490.0,0.20408163265306123,0.6,0.7,0.6,0.7,0.0,100.0,294.0,343.0,294.0,343.0,0.0,7,0.0,1.5659623506676554,1.5659623506676554,nan,False,0effe260
194,545.0,0.1834862385321101,0.5100917431192661,0.7,0.5100917431192661,0.7,0.0,100.0,278.0,381.5,278.0,381.5,0.0,7,0.0,1.529180296077866,1.529180296077866,nan,False,7e216148
195,545.0,0.3056574923547401,0.3302752293577982,0.5767584097859327,0.3302752293577982,0.5767584097859327,0.0,166.58333333333334,180.0,314.3333333333333,180.0,314.3333333333333,0.0,7,0.0,1.5276200545556164,1.5276200545556164,nan,False,e04bdb8b
196,545.0,0.3056574923547401,0.6,0.3302752293577982,0.6,0.3302752293577982,0.0,166.58333333333334,327.0,180.0,327.0,180.0,0.0,7,0.0,1.5260615390032501,1.5260615390032501,nan,False,0d455cb4
197,545.0,0.3056574923547401,0.5100917431192661,0.45351681957186546,0.5100917431192661,0.45351681957186546,0.0,166.58333333333334,278.0,247.16666666666669,278.0,247.16666666666669,0.0,7,0.0,1.5236316460308705,1.5236316460308705,nan,False,cf59174e
198,545.0,0.1834862385321101,0.42018348623853213,0.45351681957186546,0.42018348623853213,0.45351681957186546,0.0,100.0,229.0,247.16666666666669,229.0,247.16666666666669,0.0,6,0.0,1.5186190804735542,1.5186190804735542,nan,False,e2bebf72
199,545.0,0.1834862385321101,0.6,0.5767584097859327,0.6,0.5767584097859327,0.0,100.0,327.0,314.3333333333333,327.0,314.3333333333333,0.0,7,0.0,1.5126388267516706,1.5126388267516706,nan,False,81644cde
200,545.0,0.3056574923547401,0.5100917431192661,0.3302752293577982,0.5100917431192661,0.3302752293577982,0.0,166.58333333333334,278.0,180.0,278.0,180.0,0.0,7,0.0,1.5046439889663354,1.5046439889663354,nan,False,d18838ad
201,545.0,0.1834862385321101,0.42018348623853213,0.7,0.42018348623853213,0.7,0.0,100.0,229.0,381.5,229.0,381.5,0.0,7,0.0,1.4944651342228157,1.4944651342228157,nan,False,993d06db
202,545.0,0.3056574923547401,0.42018348623853213,0.3302752293577982,0.42018348623853213,0.3302752293577982,0.0,166.58333333333334,229.0,180.0,229.0,180.0,0.0,6,0.0,1.4939467885021398,1.4939467885021398,nan,False,4142b184
203,545.0,0.1834862385321101,0.5100917431192661,0.5767584097859327,0.5100917431192661,0.5767584097859327,0.0,100.0,278.0,314.3333333333333,278.0,314.3333333333333,0.0,7,0.0,1.4939132318705282,1.4939132318705282,nan,False,b5ad68ff
204,545.0,0.1834862385321101,0.3302752293577982,0.45351681957186546,0.3302752293577982,0.45351681957186546,0.0,100.0,180.0,247.16666666666669,180.0,247.16666666666669,0.0,6,0.0,1.485287695432988,1.485287695432988,nan,False,3ec392b6
205,545.0,0.3056574923547401,0.3302752293577982,0.3302752293577982,0.3302752293577982,0.3302752293577982,0.0,166.58333333333334,180.0,180.0,180.0,180.0,0.0,7,0.0,1.4819204961599222,1.4819204961599222,nan,False,102a5ecd
206,545.0,0.1834862385321101,0.3302752293577982,0.7,0.3302752293577982,0.7,0.0,100.0,180.0,381.5,180.0,381.5,0.0,7,0.0,1.4782746363487702,1.4782746363487702,nan,False,7ea39555
207,490.0,0.55,0.5224489795918368,0.3673469387755102,0.5224489795918368,0.3673469387755102,0.0,269.5,256.0,180.0,256.0,180.0,0.0,7,0.0,23.812455854794646,23.812455854794646,nan,False,36ea37c2
208,490.0,0.55,0.3673469387755102,0.7,0.3673469387755102,0.7,0.0,269.5,180.0,343.0,180.0,343.0,0.0,7,0.0,33.04932635336052,33.04932635336052,nan,False,1589ac44
209,600.0,0.29444444444444445,0.39999999999999997,0.5666666666666667,0.39999999999999997,0.5666666666666667,0.0,176.66666666666669,239.99999999999997,340.0,239.99999999999997,340.0,0.0,0,0.0,nan,nan,nan,False,f05bbc7d
210,490.0,0.55,0.5224489795918368,0.5891156462585034,0.5224489795918368,0.5891156462585034,0.0,269.5,256.0,288.6666666666667,256.0,288.6666666666667,0.0,0,0.0,nan,nan,nan,False,4f926c94
211,490.0,0.55,0.5224489795918368,0.4782312925170068,0.5224489795918368,0.4782312925170068,0.0,269.5,256.0,234.33333333333334,256.0,234.33333333333334,0.0,0,0.0,nan,nan,nan,False,58a8ea15
212,545.0,0.4278287461773701,0.3302752293577982,0.5767584097859327,0.3302752293577982,0.5767584097859327,0.0,233.1666666666667,180.0,314.3333333333333,180.0,314.3333333333333,0.0,0,0.0,nan,nan,nan,False,7f38ed21
213,490.0,0.4346938775510204,0.6,0.7,0.6,0.7,0.0,213.0,294.0,343.0,294.0,343.0,0.0,0,0.0,nan,nan,nan,False,1d1f577d
214,600.0,0.16666666666666666,0.39999999999999997,0.7,0.39999999999999997,0.7,0.0,100.0,239.99999999999997,420.0,239.99999999999997,420.0,0.0,0,0.0,nan,nan,nan,False,405bfc8a
215,600.0,0.55,0.39999999999999997,0.3,0.39999999999999997,0.3,0.0,330.0,239.99999999999997,180.0,239.99999999999997,180.0,0.0,0,0.0,nan,nan,nan,False,1db42daf
216,545.0,0.55,0.42018348623853213,0.3302752293577982,0.42018348623853213,0.3302752293577982,0.0,299.75,229.0,180.0,229.0,180.0,0.0,0,0.0,nan,nan,nan,False,2ffc34ae
217,600.0,0.55,0.6,0.3,0.6,0.3,0.0,330.0,360.0,180.0,360.0,180.0,0.0,0,0.0,nan,nan,nan,False,cc367fd5
218,600.0,0.4222222222222223,0.3,0.5666666666666667,0.3,0.5666666666666667,0.0,253.33333333333337,180.0,340.0,180.0,340.0,0.0,0,0.0,nan,nan,nan,False,e835fcf8
219,600.0,0.29444444444444445,0.5,0.5666666666666667,0.5,0.5666666666666667,0.0,176.66666666666669,300.0,340.0,300.0,340.0,0.0,0,0.0,nan,nan,nan,False,2e062eca
220,600.0,0.4222222222222223,0.6,0.5666666666666667,0.6,0.5666666666666667,0.0,253.33333333333337,360.0,340.0,360.0,340.0,0.0,0,0.0,nan,nan,nan,False,3d334916
221,545.0,0.55,0.5100917431192661,0.7,0.5100917431192661,0.7,0.0,299.75,278.0,381.5,278.0,381.5,0.0,0,0.0,nan,nan,nan,False,6e15730b
222,600.0,0.4222222222222223,0.39999999999999997,0.5666666666666667,0.39999999999999997,0.5666666666666667,0.0,253.33333333333337,239.99999999999997,340.0,239.99999999999997,340.0,0.0,0,0.0,nan,nan,nan,False,453dcca3
223,545.0,0.55,0.6,0.3302752293577982,0.6,0.3302752293577982,0.0,299.75,327.0,180.0,327.0,180.0,0.0,0,0.0,nan,nan,nan,False,92afad64
224,600.0,0.29444444444444445,0.3,0.3,0.3,0.3,0.0,176.66666666666669,180.0,180.0,180.0,180.0,0.0,0,0.0,nan,nan,nan,False,a35a617b
225,600.0,0.16666666666666666,0.6,0.7,0.6,0.7,0.0,100.0,360.0,420.0,360.0,420.0,0.0,0,0.0,nan,nan,nan,False,11488d22
226,545.0,0.55,0.3302752293577982,0.3302752293577982,0.3302752293577982,0.3302752293577982,0.0,299.75,180.0,180.0,180.0,180.0,0.0,0,0.0,nan,nan,nan,False,391ff3f8
227,545.0,0.4278287461773701,0.42018348623853213,0.45351681957186546,0.42018348623853213,0.45351681957186546,0.0,233.1666666666667,229.0,247.16666666666669,229.0,247.16666666666669,0.0,0,0.0,nan,nan,nan,False,705f830e
228,600.0,0.16666666666666666,0.5,0.7,0.5,0.7,0.0,100.0,300.0,420.0,300.0,420.0,0.0,0,0.0,nan,nan,nan,False,910ed9ef
229,545.0,0.55,0.6,0.45351681957186546,0.6,0.45351681957186546,0.0,299.75,327.0,247.16666666666669,327.0,247.16666666666669,0.0,0,0.0,nan,nan,nan,False,2c6dbc78
230,545.0,0.55,0.3302752293577982,0.45351681957186546,0.3302752293577982,0.45351681957186546,0.0,299.75,180.0,247.16666666666669,180.0,247.16666666666669,0.0,0,0.0,nan,nan,nan,False,6861c6f9
231,600.0,0.29444444444444445,0.6,0.7,0.6,0.7,0.0,176.66666666666669,360.0,420.0,360.0,420.0,0.0,0,0.0,nan,nan,nan,False,4bdd3759
232,490.0,0.55,0.5224489795918368,0.7,0.5224489795918368,0.7,0.0,269.5,256.0,343.0,256.0,343.0,0.0,0,0.0,nan,nan,nan,False,d88a1dd9
233,600.0,0.55,0.39999999999999997,0.7,0.39999999999999997,0.7,0.0,330.0,239.99999999999997,420.0,239.99999999999997,420.0,0.0,0,0.0,nan,nan,nan,False,e75bb8d3
234,600.0,0.55,0.5,0.5666666666666667,0.5,0.5666666666666667,0.0,330.0,300.0,340.0,300.0,340.0,0.0,0,0.0,nan,nan,nan,False,a8c9ad5f
235,600.0,0.4222222222222223,0.39999999999999997,0.43333333333333335,0.39999999999999997,0.43333333333333335,0.0,253.33333333333337,239.99999999999997,260.0,239.99999999999997,260.0,0.0,0,0.0,nan,nan,nan,False,d90d46e9
236,600.0,0.16666666666666666,0.3,0.3,0.3,0.3,0.0,100.0,180.0,180.0,180.0,180.0,0.0,0,0.0,nan,nan,nan,False,4ac0c1a4
237,600.0,0.29444444444444445,0.39999999999999997,0.7,0.39999999999999997,0.7,0.0,176.66666666666669,239.99999999999997,420.0,239.99999999999997,420.0,0.0,0,0.0,nan,nan,nan,False,ffa96043
238,490.0,0.55,0.4448979591836735,0.4782312925170068,0.4448979591836735,0.4782312925170068,0.0,269.5,218.0,234.33333333333334,218.0,234.33333333333334,0.0,0,0.0,nan,nan,nan,False,6ccf2964
239,545.0,0.55,0.6,0.5767584097859327,0.6,0.5767584097859327,0.0,299.75,327.0,314.3333333333333,327.0,314.3333333333333,0.0,0,0.0,nan,nan,nan,False,fd7f7d02
240,600.0,0.29444444444444445,0.6,0.3,0.6,0.3,0.0,176.66666666666669,360.0,180.0,360.0,180.0,0.0,0,0.0,nan,nan,nan,False,1fe89e54
241,545.0,0.55,0.42018348623853213,0.45351681957186546,0.42018348623853213,0.45351681957186546,0.0,299.75,229.0,247.16666666666669,229.0,247.16666666666669,0.0,0,0.0,nan,nan,nan,False,ba98e3de
242,600.0,0.55,0.39999999999999997,0.43333333333333335,0.39999999999999997,0.43333333333333335,0.0,330.0,239.99999999999997,260.0,239.99999999999997,260.0,0.0,0,0.0,nan,nan,nan,False,8b4e7b3f
243,545.0,0.4278287461773701,0.5100917431192661,0.45351681957186546,0.5100917431192661,0.45351681957186546,0.0,233.1666666666667,278.0,247.16666666666669,278.0,247.16666666666669,0.0,0,0.0,nan,nan,nan,False,65555a7a
244,600.0,0.16666666666666666,0.6,0.5666666666666667,0.6,0.5666666666666667,0.0,100.0,360.0,340.0,360.0,340.0,0.0,0,0.0,nan,nan,nan,False,9ac7e34b
245,600.0,0.55,0.3,0.3,0.3,0.3,0.0,330.0,180.0,180.0,180.0,180.0,0.0,0,0.0,nan,nan,nan,False,5a84dc44
246,600.0,0.4222222222222223,0.6,0.3,0.6,0.3,0.0,253.33333333333337,360.0,180.0,360.0,180.0,0.0,0,0.0,nan,nan,nan,False,ed82c577
247,600.0,0.55,0.5,0.43333333333333335,0.5,0.43333333333333335,0.0,330.0,300.0,260.0,300.0,260.0,0.0,0,0.0,nan,nan,nan,False,573ab90f
248,545.0,0.4278287461773701,0.6,0.5767584097859327,0.6,0.5767584097859327,0.0,233.1666666666667,327.0,314.3333333333333,327.0,314.3333333333333,0.0,0,0.0,nan,nan,nan,False,f18217e8
249,600.0,0.4222222222222223,0.5,0.3,0.5,0.3,0.0,253.33333333333337,300.0,180.0,300.0,180.0,0.0,0,0.0,nan,nan,nan,False,362d8bf0
250,545.0,0.4278287461773701,0.42018348623853213,0.3302752293577982,0.42018348623853213,0.3302752293577982,0.0,233.1666666666667,229.0,180.0,229.0,180.0,0.0,0,0.0,nan,nan,nan,False,98080b8a
251,545.0,0.4278287461773701,0.5100917431192661,0.3302752293577982,0.5100917431192661,0.3302752293577982,0.0,233.1666666666667,278.0,180.0,278.0,180.0,0.0,0,0.0,nan,nan,nan,False,da443530
252,600.0,0.16666666666666666,0.6,0.43333333333333335,0.6,0.43333333333333335,0.0,100.0,360.0,260.0,360.0,260.0,0.0,0,0.0,nan,nan,nan,False,043ef4e7
253,545.0,0.4278287461773701,0.3302752293577982,0.7,0.3302752293577982,0.7,0.0,233.1666666666667,180.0,381.5,180.0,381.5,0.0,0,0.0,nan,nan,nan,False,02fa0c86
254,600.0,0.4222222222222223,0.5,0.43333333333333335,0.5,0.43333333333333335,0.0,253.33333333333337,300.0,260.0,300.0,260.0,0.0,0,0.0,nan,nan,nan,False,36f0627f
255,600.0,0.29444444444444445,0.6,0.5666666666666667,0.6,0.5666666666666667,0.0,176.66666666666669,360.0,340.0,360.0,340.0,0.0,0,0.0,nan,nan,nan,False,502c2a61
256,600.0,0.29444444444444445,0.5,0.3,0.5,0.3,0.0,176.66666666666669,300.0,180.0,300.0,180.0,0.0,0,0.0,nan,nan,nan,False,c9f52ffb
257,545.0,0.55,0.5100917431192661,0.45351681957186546,0.5100917431192661,0.45351681957186546,0.0,299.75,278.0,247.16666666666669,278.0,247.16666666666669,0.0,0,0.0,nan,nan,nan,False,943324ba
258,600.0,0.4222222222222223,0.3,0.3,0.3,0.3,0.0,253.33333333333337,180.0,180.0,180.0,180.0,0.0,0,0.0,nan,nan,nan,False,021ddbda
259,545.0,0.4278287461773701,0.3302752293577982,0.45351681957186546,0.3302752293577982,0.45351681957186546,0.0,233.1666666666667,180.0,247.16666666666669,180.0,247.16666666666669,0.0,0,0.0,nan,nan,nan,False,464bb674
260,600.0,0.16666666666666666,0.5,0.3,0.5,0.3,0.0,100.0,300.0,180.0,300.0,180.0,0.0,0,0.0,nan,nan,nan,False,20233abb
261,600.0,0.55,0.5,0.7,0.5,0.7,0.0,330.0,300.0,420.0,300.0,420.0,0.0,0,0.0,nan,nan,nan,False,a1495c46
262,600.0,0.29444444444444445,0.39999999999999997,0.43333333333333335,0.39999999999999997,0.43333333333333335,0.0,176.66666666666669,239.99999999999997,260.0,239.99999999999997,260.0,0.0,0,0.0,nan,nan,nan,False,0431c81b
263,545.0,0.4278287461773701,0.42018348623853213,0.5767584097859327,0.42018348623853213,0.5767584097859327,0.0,233.1666666666667,229.0,314.3333333333333,229.0,314.3333333333333,0.0,0,0.0,nan,nan,nan,False,7a48bc1a
264,600.0,0.55,0.6,0.43333333333333335,0.6,0.43333333333333335,0.0,330.0,360.0,260.0,360.0,260.0,0.0,0,0.0,nan,nan,nan,False,0e7b3ebe
265,600.0,0.55,0.6,0.7,0.6,0.7,0.0,330.0,360.0,420.0,360.0,420.0,0.0,0,0.0,nan,nan,nan,False,f7635754
266,545.0,0.3056574923547401,0.6,0.45351681957186546,0.6,0.45351681957186546,0.0,166.58333333333334,327.0,247.16666666666669,327.0,247.16666666666669,0.0,0,0.0,nan,nan,nan,False,c41a7f85
267,600.0,0.55,0.3,0.5666666666666667,0.3,0.5666666666666667,0.0,330.0,180.0,340.0,180.0,340.0,0.0,0,0.0,nan,nan,nan,False,0aa19461
268,545.0,0.3056574923547401,0.6,0.7,0.6,0.7,0.0,166.58333333333334,327.0,381.5,327.0,381.5,0.0,0,0.0,nan,nan,nan,False,9d71e33c
269,600.0,0.29444444444444445,0.3,0.7,0.3,0.7,0.0,176.66666666666669,180.0,420.0,180.0,420.0,0.0,0,0.0,nan,nan,nan,False,9ce5ab81
270,600.0,0.16666666666666666,0.3,0.7,0.3,0.7,0.0,100.0,180.0,420.0,180.0,420.0,0.0,0,0.0,nan,nan,nan,False,7e351a9b
271,545.0,0.55,0.42018348623853213,0.5767584097859327,0.42018348623853213,0.5767584097859327,0.0,299.75,229.0,314.3333333333333,229.0,314.3333333333333,0.0,0,0.0,nan,nan,nan,False,a38bb40f
272,545.0,0.55,0.42018348623853213,0.7,0.42018348623853213,0.7,0.0,299.75,229.0,381.5,229.0,381.5,0.0,0,0.0,nan,nan,nan,False,8c0f3747
273,600.0,0.29444444444444445,0.5,0.7,0.5,0.7,0.0,176.66666666666669,300.0,420.0,300.0,420.0,0.0,0,0.0,nan,nan,nan,False,f1a8c67a
274,545.0,0.4278287461773701,0.5100917431192661,0.5767584097859327,0.5100917431192661,0.5767584097859327,0.0,233.1666666666667,278.0,314.3333333333333,278.0,314.3333333333333,0.0,0,0.0,nan,nan,nan,False,48dbe8a7
275,600.0,0.4222222222222223,0.5,0.5666666666666667,0.5,0.5666666666666667,0.0,253.33333333333337,300.0,340.0,300.0,340.0,0.0,0,0.0,nan,nan,nan,False,f66eb805
276,600.0,0.16666666666666666,0.5,0.5666666666666667,0.5,0.5666666666666667,0.0,100.0,300.0,340.0,300.0,340.0,0.0,0,0.0,nan,nan,nan,False,a4f2572d
277,600.0,0.29444444444444445,0.39999999999999997,0.3,0.39999999999999997,0.3,0.0,176.66666666666669,239.99999999999997,180.0,239.99999999999997,180.0,0.0,0,0.0,nan,nan,nan,False,46640a6a
278,545.0,0.1834862385321101,0.6,0.7,0.6,0.7,0.0,100.0,327.0,381.5,327.0,381.5,0.0,0,0.0,nan,nan,nan,False,1cc267ba
279,600.0,0.16666666666666666,0.3,0.43333333333333335,0.3,0.43333333333333335,0.0,100.0,180.0,260.0,180.0,260.0,0.0,0,0.0,nan,nan,nan,False,0bb53cb6
280,600.0,0.4222222222222223,0.5,0.7,0.5,0.7,0.0,253.33333333333337,300.0,420.0,300.0,420.0,0.0,0,0.0,nan,nan,nan,False,88be2838
281,545.0,0.55,0.3302752293577982,0.5767584097859327,0.3302752293577982,0.5767584097859327,0.0,299.75,180.0,314.3333333333333,180.0,314.3333333333333,0.0,0,0.0,nan,nan,nan,False,5a370ead
282,545.0,0.4278287461773701,0.5100917431192661,0.7,0.5100917431192661,0.7,0.0,233.1666666666667,278.0,381.5,278.0,381.5,0.0,0,0.0,nan,nan,nan,False,35c86901
283,600.0,0.4222222222222223,0.6,0.7,0.6,0.7,0.0,253.33333333333337,360.0,420.0,360.0,420.0,0.0,0,0.0,nan,nan,nan,False,7e1827f3
284,545.0,0.3056574923547401,0.6,0.5767584097859327,0.6,0.5767584097859327,0.0,166.58333333333334,327.0,314.3333333333333,327.0,314.3333333333333,0.0,0,0.0,nan,nan,nan,False,d58f3495
285,490.0,0.55,0.6,0.4782312925170068,0.6,0.4782312925170068,0.0,269.5,294.0,234.33333333333334,294.0,234.33333333333334,0.0,0,0.0,nan,nan,nan,False,586b0504
286,545.0,0.55,0.5100917431192661,0.5767584097859327,0.5100917431192661,0.5767584097859327,0.0,299.75,278.0,314.3333333333333,278.0,314.3333333333333,0.0,0,0.0,nan,nan,nan,False,2e7c6ce6
287,600.0,0.4222222222222223,0.6,0.43333333333333335,0.6,0.43333333333333335,0.0,253.33333333333337,360.0,260.0,360.0,260.0,0.0,0,0.0,nan,nan,nan,False,fb0defe1
288,600.0,0.4222222222222223,0.3,0.7,0.3,0.7,0.0,253.33333333333337,180.0,420.0,180.0,420.0,0.0,0,0.0,nan,nan,nan,False,0aa3af17
289,600.0,0.4222222222222223,0.3,0.43333333333333335,0.3,0.43333333333333335,0.0,253.33333333333337,180.0,260.0,180.0,260.0,0.0,0,0.0,nan,nan,nan,False,df7436b7
290,490.0,0.55,0.6,0.7,0.6,0.7,0.0,269.5,294.0,343.0,294.0,343.0,0.0,0,0.0,nan,nan,nan,False,09ef7ac3
291,600.0,0.55,0.3,0.43333333333333335,0.3,0.43333333333333335,0.0,330.0,180.0,260.0,180.0,260.0,0.0,0,0.0,nan,nan,nan,False,2bb64294
292,600.0,0.29444444444444445,0.3,0.5666666666666667,0.3,0.5666666666666667,0.0,176.66666666666669,180.0,340.0,180.0,340.0,0.0,0,0.0,nan,nan,nan,False,29ddebeb
293,545.0,0.55,0.3302752293577982,0.7,0.3302752293577982,0.7,0.0,299.75,180.0,381.5,180.0,381.5,0.0,0,0.0,nan,nan,nan,False,e844337e
294,600.0,0.55,0.5,0.3,0.5,0.3,0.0,330.0,300.0,180.0,300.0,180.0,0.0,0,0.0,nan,nan,nan,False,68499ea4
295,545.0,0.3056574923547401,0.5100917431192661,0.5767584097859327,0.5100917431192661,0.5767584097859327,0.0,166.58333333333334,278.0,314.3333333333333,278.0,314.3333333333333,0.0,0,0.0,nan,nan,nan,False,ecc6af0f
296,490.0,0.55,0.6,0.5891156462585034,0.6,0.5891156462585034,0.0,269.5,294.0,288.6666666666667,294.0,288.6666666666667,0.0,0,0.0,nan,nan,nan,False,eafae575
297,600.0,0.16666666666666666,0.3,0.5666666666666667,0.3,0.5666666666666667,0.0,100.0,180.0,340.0,180.0,340.0,0.0,0,0.0,nan,nan,nan,False,d72fcf5d
298,490.0,0.55,0.4448979591836735,0.7,0.4448979591836735,0.7,0.0,269.5,218.0,343.0,218.0,343.0,0.0,0,0.0,nan,nan,nan,False,8de652f1
299,600.0,0.55,0.39999999999999997,0.5666666666666667,0.39999999999999997,0.5666666666666667,0.0,330.0,239.99999999999997,340.0,239.99999999999997,340.0,0.0,0,0.0,nan,nan,nan,False,43e83be2
300,600.0,0.4222222222222223,0.39999999999999997,0.3,0.39999999999999997,0.3,0.0,253.33333333333337,239.99999999999997,180.0,239.99999999999997,180.0,0.0,0,0.0,nan,nan,nan,False,bce9014b
301,545.0,0.4278287461773701,0.6,0.7,0.6,0.7,0.0,233.1666666666667,327.0,381.5,327.0,381.5,0.0,0,0.0,nan,nan,nan,False,2569bd43
302,545.0,0.55,0.6,0.7,0.6,0.7,0.0,299.75,327.0,381.5,327.0,381.5,0.0,0,0.0,nan,nan,nan,False,416eab97
303,600.0,0.16666666666666666,0.39999999999999997,0.3,0.39999999999999997,0.3,0.0,100.0,239.99999999999997,180.0,239.99999999999997,180.0,0.0,0,0.0,nan,nan,nan,False,dd08103d
304,545.0,0.55,0.5100917431192661,0.3302752293577982,0.5100917431192661,0.3302752293577982,0.0,299.75,278.0,180.0,278.0,180.0,0.0,0,0.0,nan,nan,nan,False,473d74b0
305,600.0,0.29444444444444445,0.5,0.43333333333333335,0.5,0.43333333333333335,0.0,176.66666666666669,300.0,260.0,300.0,260.0,0.0,0,0.0,nan,nan,nan,False,fd81a210
306,600.0,0.16666666666666666,0.6,0.3,0.6,0.3,0.0,100.0,360.0,180.0,360.0,180.0,0.0,0,0.0,nan,nan,nan,False,61dc66a7
307,545.0,0.4278287461773701,0.6,0.3302752293577982,0.6,0.3302752293577982,0.0,233.1666666666667,327.0,180.0,327.0,180.0,0.0,0,0.0,nan,nan,nan,False,e0390d38
308,490.0,0.55,0.4448979591836735,0.5891156462585034,0.4448979591836735,0.5891156462585034,0.0,269.5,218.0,288.6666666666667,218.0,288.6666666666667,0.0,0,0.0,nan,nan,nan,False,b5700807
309,545.0,0.4278287461773701,0.6,0.45351681957186546,0.6,0.45351681957186546,0.0,233.1666666666667,327.0,247.16666666666669,327.0,247.16666666666669,0.0,0,0.0,nan,nan,nan,False,6e44df72
310,600.0,0.29444444444444445,0.3,0.43333333333333335,0.3,0.43333333333333335,0.0,176.66666666666669,180.0,260.0,180.0,260.0,0.0,0,0.0,nan,nan,nan,False,01fb90c5
311,600.0,0.16666666666666666,0.39999999999999997,0.43333333333333335,0.39999999999999997,0.43333333333333335,0.0,100.0,239.99999999999997,260.0,239.99999999999997,260.0,0.0,0,0.0,nan,nan,nan,False,cc10bbe4
312,600.0,0.16666666666666666,0.39999999999999997,0.5666666666666667,0.39999999999999997,0.5666666666666667,0.0,100.0,239.99999999999997,340.0,239.99999999999997,340.0,0.0,0,0.0,nan,nan,nan,False,3ab39cff
313,545.0,0.3056574923547401,0.5100917431192661,0.7,0.5100917431192661,0.7,0.0,166.58333333333334,278.0,381.5,278.0,381.5,0.0,0,0.0,nan,nan,nan,False,3bb0cbce
314,600.0,0.55,0.6,0.5666666666666667,0.6,0.5666666666666667,0.0,330.0,360.0,340.0,360.0,340.0,0.0,0,0.0,nan,nan,nan,False,306497f1
315,600.0,0.55,0.3,0.7,0.3,0.7,0.0,330.0,180.0,420.0,180.0,420.0,0.0,0,0.0,nan,nan,nan,False,35d54676
316,600.0,0.16666666666666666,0.5,0.43333333333333335,0.5,0.43333333333333335,0.0,100.0,300.0,260.0,300.0,260.0,0.0,0,0.0,nan,nan,nan,False,29775fb7
317,600.0,0.4222222222222223,0.39999999999999997,0.7,0.39999999999999997,0.7,0.0,253.33333333333337,239.99999999999997,420.0,239.99999999999997,420.0,0.0,0,0.0,nan,nan,nan,False,b3165c1d
318,490.0,0.55,0.6,0.3673469387755102,0.6,0.3673469387755102,0.0,269.5,294.0,180.0,294.0,180.0,0.0,0,0.0,nan,nan,nan,False,3df55699
319,600.0,0.29444444444444445,0.6,0.43333333333333335,0.6,0.43333333333333335,0.0,176.66666666666669,360.0,260.0,360.0,260.0,0.0,0,0.0,nan,nan,nan,False,6ae7aa30
320,545.0,0.4278287461773701,0.42018348623853213,0.7,0.42018348623853213,0.7,0.0,233.1666666666667,229.0,381.5,229.0,381.5,0.0,0,0.0,nan,nan,nan,False,1f3bfa7f
